customer_Id,firstname,lastname,DOB,marital_status,Gender,city_code,City_name
268408, Jon,Yang ,2/1/1970,Married,M,4,seattle
269696,Eugene,Huang  ,7/1/1970,Single,F,8,Kansas_City
268159,Ruben, Torres,8/1/1970,Married,F,8,Kansas_City
270181,Christy,  Zhu,10/1/1970,Single,F,2,Dallas
268073, Elizabeth,Johnson,11/1/1970,Single,M,1,New_york
273216,Julio,Ruiz,15-01-1970,Single,F,5,Anaheim
266929,Janet,Alvarez,15-01-1970,Single,M,8,Kansas_City
275152,Marco,Mehta,16-01-1970,Married,M,4,seattle
275034,Rob,Verhoff,18-01-1970,Single,F,4,seattle
273966,Shannon,Carlson,21-01-1970,Single,M,8,Kansas_City
270829,Jacquelyn,Suarez,22-01-1970,Single,F,8,Kansas_City
266997,Curtis,Lu,23-01-1970,Married,M,9,California
272455,  Lauren, Walker,25-01-1970,Married,M,7,Detroit
274593, Ian , Jenkins ,26-01-1970,Married,M,10,Milwaukee
273391,Sydney,Bennett,29-01-1970,Single,F,2,Dallas
267657,  Chloe,Young,29-01-1970,Single,F,7,Detroit
271344,Wyatt,Hill,29-01-1970,Married,F,5,Anaheim
268275,Shannon,Wang,1/2/1970,Single,F,7,Detroit
274630,Clarence,Rai,1/2/1970,Single,M,4,seattle
273541,Luke,Lal,1/2/1970,Single,M,4,seattle
270324,Jordan,King,1/2/1970,Single,F,1,New_york
273613, Destiny,Wilson ,6/2/1970,Single,M,1,New_york
271608,Ethan,Zhang,9/2/1970,Married,F,4,seattle
269008,Seth,Edwards,13-02-1970,Married,F,6,Chicago
267199,Russell,Xie,14-02-1970,Married,,2,Dallas
267916,Alejandro,Beck,17-02-1970,Married,F,8,Kansas_City
267609,Harold,Sai,18-02-1970,Single,M,2,Dallas
270602,Jessie,Zhao,18-02-1970,Married,M,5,Anaheim
272883,Jill,Jimenez,19-02-1970,Married,M,5,Anaheim
272359,Jimmy,Moreno,19-02-1970,Married,M,4,seattle
272603,Bethany,Yuan,19-02-1970,Married,F,9,California
272028,Theresa,Ramos,20-02-1970,Married,F,1,New_york
274717,Denise,Stone,21-02-1970,Married,M,7,Detroit
273316,Jaime,Nath,21-02-1970,Married,M,2,Dallas
271262,Ebony,Gonzalez,21-02-1970,Married,M,2,Dallas
267166,Wendy,Dominguez,22-02-1970,Married,F,4,seattle
270827,Jennifer,Russell,4/3/1970,Married,F,10,Milwaukee
273423,Chloe,Garcia,4/3/1970,Single,F,4,seattle
271692,Diana,Hernandez,7/3/1970,Married,M,5,Anaheim
274592,Marc,Martin,8/3/1970,Married,M,5,Anaheim
271777,Jesse,Murphy,8/3/1970,Married,M,8,Kansas_City
266895,Amanda,Carter,12/3/1970,Married,M,4,seattle
274360,Megan,Sanchez,14-03-1970,Married,M,5,Anaheim
274602,Nathan,Simmons,15-03-1970,Married,F,3,New_Jersey
266799,Adam,Flores,16-03-1970,Married,F,5,Anaheim
272821,Leonard,Nara,17-03-1970,Single,F,3,New_Jersey
267379,Christine,Yuan,21-03-1970,Married,F,2,Dallas
273016,Jaclyn,Lu,22-03-1970,Married,M,3,New_Jersey
273106,Jeremy,Powell,23-03-1970,Married,F,2,Dallas
271935,Carol,Rai,26-03-1970,Single,M,5,Anaheim
273109,Alan,Zheng,27-03-1970,Married,F,5,Anaheim
270986,Daniel,Johnson,27-03-1970,Single,M,10,Milwaukee
266969,Heidi,Lopez,28-03-1970,Single,M,2,Dallas
273871,Ana,Price,29-03-1970,Married,M,7,Detroit
273811,Deanna,Munoz,29-03-1970,Married,M,8,Kansas_City
271312,Gilbert,Raje,1/4/1970,Married,F,5,Anaheim
274834,Michele,Nath,2/4/1970,Married,M,4,seattle
271991,Carl,Andersen,2/4/1970,Married,M,5,Anaheim
269765,Marc,Diaz,4/4/1970,Married,F,9,California
272071,Ashlee,Andersen,6/4/1970,Single,F,6,Chicago
272645,Jon,Zhou,14-04-1970,Married,F,2,Dallas
270780,Todd,Gao,18-04-1970,Married,F,3,New_Jersey
272736,Noah,Powell,19-04-1970,Married,F,1,New_york
272627, Angela  , Murphy  ,19-04-1970,Single,F,3,New_Jersey
272795,Chase, Reed  ,22-04-1970,Married,M,1,New_york
270450,Jessica  ,Henderson ,24-04-1970,Married,F,3,New_Jersey
266862,Grace,  Butler,24-04-1970,Married,F,5,Anaheim
274535, Caleb, Carter,26-04-1970,Single,F,4,seattle
269640,Tiffany,Liang,29-04-1970,Single,M,7,Detroit
268290,Carolyn,Navarro,29-04-1970,Single,M,7,Detroit
275250, Willie , Raji,2/5/1970,Married,F,1,New_york
272555,Linda, Serrano,3/5/1970,Single,M,1,New_york
268732,Casey,Luo,6/5/1970,Single,M,2,Dallas
271478,Amy,Ye,6/5/1970,Single,F,1,New_york
267529,Levi,Arun,9/5/1970,Single,M,4,seattle
271066,Felicia,Jimenez,10/5/1970,Single,M,8,Kansas_City
267819,Blake,Anderson,10/5/1970,Single,F,9,California
269271,Leah,Ye,12/5/1970,Single,F,5,Anaheim
273150,Gina,Martin,14-05-1970,Single,F,10,Milwaukee
267386,Donald,Gonzalez,15-05-1970,Single,M,7,Detroit
274350,Damien,Chander,16-05-1970,Married,F,3,New_Jersey
273645,Savannah,Baker,22-05-1970,Married,F,4,seattle
270911,Angela,Butler,22-05-1970,Single,M,2,Dallas
268424,Alyssa,Cox,23-05-1970,Married,F,8,Kansas_City
271045,Lucas,Phillips,23-05-1970,Single,F,7,Detroit
268627,Emily,Johnson,1/6/1970,Single,M,9,California
270430,Ryan,  Brown,1/6/1970,Married,M,7,Detroit
271626,Tamara, Liang,2/6/1970,Married,,6,Chicago
272301,Hunter,Davis,3/6/1970,Married,F,8,Kansas_City
269531,Abigail,Price,5/6/1970,Single,M,2,Dallas
274849,Trevor,Bryant,9/6/1970,Single,M,4,seattle
271031,Dalton,Perez,9/6/1970,Married,F,2,Dallas
272018,Cheryl,Diaz,9/6/1970,Married,F,6,Chicago
272186,Aimee,He,9/6/1970,Married,M,10,Milwaukee
270047,Cedric,Ma,10/6/1970,Single,M,1,New_york
274128,Chad,Kumar,10/6/1970,Single,M,10,Milwaukee
268313,Andr├®s,Anand,11/6/1970,Married,F,8,Kansas_City
270933,Edwin,Nara,15-06-1970,Married,M,8,Kansas_City
271072,Mallory,Rubio,16-06-1970,Single,M,6,Chicago
271465,Adam,Ross,17-06-1970,Married,F,9,California
274770,Latasha,Navarro,17-06-1970,Single,F,2,Dallas
270676,Abby,Sai,19-06-1970,Single,M,5,Anaheim
273529,Julia,Nelson,19-06-1970,Single,F,1,New_york
273162,Cassie,Chande,19-06-1970,Single,M,8,Kansas_City
268533,Edgar,Sara,23-06-1970,Married,F,6,Chicago
275246,Candace,Fernandez,25-06-1970,Single,M,3,New_Jersey
267066,Jessie,Liu,25-06-1970,Single,F,10,Milwaukee
269345,Bianca,Lin,26-06-1970,Married,F,10,Milwaukee
275116,Kari,Alvarez,29-06-1970,Single,M,5,Anaheim
273840, Ruben ,Kapoor ,1/7/1970,Single,M,3,New_Jersey
268792,Curtis,Yang,4/7/1970,Married,M,4,seattle
274892,Meredith,Gutierrez,5/7/1970,Married,F,8,Kansas_City
273708,Crystal,Wang,9/7/1970,Married,F,7,Detroit
272495,Micheal,Blanco,10/7/1970,Married,M,8,Kansas_City
272926,Leslie,Moreno,11/7/1970,Single,F,4,seattle
268447,Alvin,Cai,14-07-1970,Married,M,,
273442,Clinton,Carlson,16-07-1970,Married,M,4,seattle
267081,April,Deng,17-07-1970,Married,F,3,New_Jersey
267042,Alvin,Zeng,23-07-1970,Single,M,8,Kansas_City
273151,Evan,James,24-07-1970,Single,F,4,seattle
274169,Beth,Jim├®nez,24-07-1970,Single,F,1,New_york
270130,Orlando,Suarez,26-07-1970,Married,M,9,California
274546,Byron,Vazquez,26-07-1970,Married,M,3,New_Jersey
273575,Philip,Alvarez,27-07-1970,Married,M,1,New_york
267280,Ross,Jordan,2/8/1970,Single,M,5,Anaheim
267304,Dana,Navarro,3/8/1970,Single,M,4,seattle
274445,Shaun,Carson,6/8/1970,Married,M,8,Kansas_City
270678,Jan,Edwards,6/8/1970,Married,F,4,seattle
270328,Samantha,Long,7/8/1970,Married,F,4,seattle
269449,Julia,Wright,9/8/1970,Single,M,6,Chicago
275014,Caroline,Russell,12/8/1970,Married,M,4,seattle
269825,Amanda,Rivera,21-08-1970,Married,M,4,seattle
271750,Melissa,Richardson,23-08-1970,Single,F,6,Chicago
267826,Angela,Griffin,24-08-1970,Single,F,7,Detroit
272501,Larry,Townsend,26-08-1970,Single,F,1,New_york
273587,Marcus,Harris,29-08-1970,Single,F,1,New_york
272721,Brianna,Morgan,1/9/1970,Single,M,8,Kansas_City
275134,Jasmine,Taylor,2/9/1970,Married,F,8,Kansas_City
267713,Lauren,Davis,3/9/1970,Married,M,1,New_york
274029,Tanya,Moreno,3/9/1970,Single,F,1,New_york
272261, Javier ,Alvarez,3/9/1970,Single,F,9,California
274628, Nicole,Ramirez,4/9/1970,Married,M,5,Anaheim
273776,Eduardo,Patterson,6/9/1970,Single,F,2,Dallas
274743,Jonathan,Henderson,6/9/1970,Married,M,4,seattle
270051,Edward,Hernandez,7/9/1970,Single,M,8,Kansas_City
274455,Jasmine,Coleman,8/9/1970,Single,F,10,Milwaukee
272088,Karla,Goel,8/9/1970,Single,M,5,Anaheim
273583,Ernest,Wu,8/9/1970,Married,M,5,Anaheim
267490,Ross,Vazquez,9/9/1970,Married,F,4,seattle
268709,Theodore,Gill,9/9/1970,Married,F,,
267536,Russell,Shen,10/9/1970,Single,M,3,New_Jersey
271286,Melinda,Gill,10/9/1970,Single,M,1,New_york
273517,James,Williams,11/9/1970,Single,M,5,Anaheim
268365,Angela,James,12/9/1970,Married,M,5,Anaheim
266959,Megan,Walker,13-09-1970,Single,F,1,New_york
272408,Hunter,Robinson,13-09-1970,Single,M,6,Chicago
271177,Maria,Roberts,14-09-1970,Single,F,5,Anaheim
274180,Hannah,Long,14-09-1970,Married,M,6,Chicago
267613,Jason,Wright,15-09-1970,Single,M,3,New_Jersey
270748,Brianna,Hughes,17-09-1970,Single,M,5,Anaheim
274682,Maurice,Tang,19-09-1970,Single,M,10,Milwaukee
266822,Emily,Wood,20-09-1970,Single,F,9,California
272017,Chase,Cox,22-09-1970,Single,M,8,Kansas_City
267424,Gabriel,Wang,22-09-1970,Married,M,7,Detroit
272402,Devin,Brooks,23-09-1970,Single,F,10,Milwaukee
274194,Jocelyn,Alexander,24-09-1970,Married,M,5,Anaheim
274232,Ashley,Martinez,26-09-1970,Single,F,5,Anaheim
272777,Jasmine, Barnes,29-09-1970,Single,M,7,Detroit
273372,David, Rodriguez,29-09-1970,Single,F,1,New_york
273398,Bryce,Richardson,1/10/1970,Married,F,1,New_york
267707,Carol, Howard,2/10/1970,Married,F,2,Dallas
273170,Jonathan,Hill,3/10/1970,Single,F,8,Kansas_City
271924,Gabrielle,Adams,3/10/1970,Married,M,5,Anaheim
270446,Sarah,Thomas,5/10/1970,Single,M,10,Milwaukee
273353,Nicholas,Robinson,7/10/1970,Married,F,4,seattle
270331,Luis,Wang,8/10/1970,Single,F,10,Milwaukee
269676,Mason,Roberts,9/10/1970,Married,M,8,Kansas_City
269919,Jose,Flores,11/10/1970,Married,M,1,New_york
268312,Nathan,Johnson,12/10/1970,Married,F,9,California
267959,Molly,Rodriguez,12/10/1970,Married,M,6,Chicago
268998,April,Anand,12/10/1970,Married,F,7,Detroit
272784,Devin,Martin,14-10-1970,Married,F,8,Kansas_City
270619,Stephanie,Torres,16-10-1970,Single,M,6,Chicago
274865,Jasmine,Lee,18-10-1970,Single,F,8,Kansas_City
273705,Meghan,Hernandez,20-10-1970,Single,M,5,Anaheim
268772,Ashley,Henderson,20-10-1970,Single,F,3,New_Jersey
266972,Sarah,Price,21-10-1970,Single,M,7,Detroit
269235,Jennifer,Cooper,22-10-1970,Married,F,4,seattle
270938,Catherine,Morris,23-10-1970,Married,F,9,California
271959,Lawrence,Blanco,26-10-1970,Single,M,9,California
272168,Carson,Bryant,26-10-1970,Married,M,2,Dallas
271587,Kristi,Perez,27-10-1970,Single,F,10,Milwaukee
273929,James,Brown,28-10-1970,Married,M,5,Anaheim
268697,Ian,Gray,29-10-1970,Married,F,1,New_york
270567,Jacqueline,Price,1/11/1970,Married,M,8,Kansas_City
268635,Megan,Henderson,1/11/1970,Married,M,4,seattle
275166,Alfredo,Romero,5/11/1970,Married,M,10,Milwaukee
267603,Andrea,Morris,6/11/1970,Married,F,1,New_york
266954,Brooke,Sanders,6/11/1970,Single,M,4,seattle
267396,Jacqueline,Bennett,13-11-1970,Married,M,9,California
272922,Jason,Griffin,14-11-1970,Married,F,7,Detroit
268481,Amanda,Foster,15-11-1970,Married,F,3,New_Jersey
268084,Alexia,Price,18-11-1970,Married,M,1,New_york
274493,Luis,Diaz,19-11-1970,Married,M,5,Anaheim
273222,Destiny,Rivera,19-11-1970,Married,M,6,Chicago
270316,Abby,Fernandez,19-11-1970,Married,M,4,seattle
270945,Blake, Flores ,23-11-1970,Married,M,1,New_york
275123,Danielle,Cox,23-11-1970,Single,M,9,California
267589, Maria , Reed,24-11-1970,Married,F,9,California
269243, Allison ,Evans,25-11-1970,Married,F,7,Detroit
273122,Edward,Wood,28-11-1970,Married,M,4,seattle
274486,Samantha,Russell,29-11-1970,Married,M,9,California
273556,Chloe,Campbell,1/12/1970,Married,M,3,New_Jersey
270352,Stephanie,Murphy,4/12/1970,Single,M,2,Dallas
275200,Charles,Miller,4/12/1970,Single,M,8,Kansas_City
272212,Ana,Perry,10/12/1970,Married,M,4,seattle
273169,Jasmine,Torres,12/12/1970,Single,F,3,New_Jersey
273664,Natalie,Adams,13-12-1970,Single,M,6,Chicago
267851,Olivia,Brown,13-12-1970,Single,M,3,New_Jersey
268636,Charles,Cook,15-12-1970,Married,M,4,seattle
269458,Erica,Huang,16-12-1970,Married,F,10,Milwaukee
269867,Nathan,Perry,17-12-1970,Married,F,1,New_york
270218,Alexandra,Rivera,18-12-1970,Married,F,8,Kansas_City
272117,Hailey,Patterson,19-12-1970,Single,M,10,Milwaukee
268282,Tiffany,Li,22-12-1970,Single,F,1,New_york
268578,Madison,Lee,24-12-1970,Married,M,7,Detroit
270768,Sydney,Ross,27-12-1970,Married,M,10,Milwaukee
269715,Marshall,Chavez,2/1/1971,Single,M,10,Milwaukee
267512,Ashley,Jones,7/1/1971,Married,F,7,Detroit
267618, Adrian ,Stewart,8/1/1971,Single,M,2,Dallas
267359,Amber,Turner,8/1/1971,Married,M,1,New_york
272126,Dennis,Zhang,10/1/1971,Married,M,9,California
274990,Hailey,Bryant,10/1/1971,Married,M,9,California
269471,Todd,Li,10/1/1971,Married,F,2,Dallas
270080,Anna,Griffin,11/1/1971,Single,M,8,Kansas_City
274669,Angel,Stewart,11/1/1971,Married,F,9,California
275111,Jeremy,Butler,12/1/1971,Single,M,8,Kansas_City
269574,Clarence,Anand,14-01-1971,Single,F,5,Anaheim
273602,Mayra,Prasad,15-01-1971,Single,M,2,Dallas
267558,Latoya,Goel,17-01-1971,Married,M,6,Chicago
271776,Anne,Hernandez,22-01-1971,Married,F,10,Milwaukee
272992,Lisa,Cai,22-01-1971,Single,F,1,New_york
274215,Larry,Munoz,23-01-1971,Married,M,8,Kansas_City
272536,Robin,Alvarez,28-01-1971,Married,M,2,Dallas
274101,Alexis,Coleman,1/2/1971,Single,M,1,New_york
270120,Ricky,Vazquez,1/2/1971,Married,F,9,California
274913,Latasha,Rubio,2/2/1971,Married,M,8,Kansas_City
271323,Claudia,Zhou,2/2/1971,Single,M,1,New_york
268744,Tristan,Alexander,6/2/1971,Married,F,2,Dallas
271900,Cindy,Patel,8/2/1971,Married,M,9,California
272594,Shannon,Liu,9/2/1971,Married,M,10,Milwaukee
272418,Xavier,Long,13-02-1971,Single,F,6,Chicago
270738,Nicholas,Thompson,14-02-1971,Single,F,1,New_york
272874,Jos├®,Hernandez,15-02-1971,Married,F,1,New_york
270427,Johnathan,Vance,15-02-1971,Married,F,5,Anaheim
271975,Colin,Lin,16-02-1971,Married,M,2,Dallas
269139,Katelyn,Hernandez,20-02-1971,Married,M,3,New_Jersey
268813,Jacqueline,Powell,21-02-1971,Single,M,7,Detroit
269091,Xavier,Hill,23-02-1971,Married,F,10,Milwaukee
268583,Victoria  ,Stewart,23-02-1971,Married,F,8,Kansas_City
270534,Katelyn,Kelly,24-02-1971,Married,M,7,Detroit
274978,Stephanie,Collins,26-02-1971,Married,M,9,California
270393,Jennifer,Simmons,26-02-1971,Married,F,1,New_york
266794,Trinity,Richardson,28-02-1971,Married,F,9,California
266886,Eduardo,Martin,28-02-1971,Single,M,1,New_york
272497,Elizabeth,Jones,1/3/1971,Married,M,10,Milwaukee
273545,Taylor,Howard,1/3/1971,Single,M,3,New_Jersey
270252,David,Diaz,2/3/1971,Single,M,5,Anaheim
267101,Katelyn,Carter,2/3/1971,Married,M,8,Kansas_City
270631,Ryan,Foster,5/3/1971,Married,F,8,Kansas_City
267818,Robert,Lee,7/3/1971,Married,M,2,Dallas
267742,Danielle,Reed,8/3/1971,Single,M,5,Anaheim
275023,Lauren,Martinez,9/3/1971,Single,M,6,Chicago
271019,Nathan,Lal,9/3/1971,Married,F,5,Anaheim
271718,Kyle,Foster,10/3/1971,Married,F,6,Chicago
271905,Jenny,Rai,11/3/1971,Married,F,2,Dallas
267976,Nancy,Chapman,11/3/1971,Married,F,10,Milwaukee
270921,Charles,Jackson,14-03-1971,Married,F,7,Detroit
270770,Jonathan,Phillips,15-03-1971,Single,M,5,Anaheim
275172,Amanda,Cook,16-03-1971,Married,F,1,New_york
270711,Robert,Collins,17-03-1971,Married,F,7,Detroit
268581,Megan,Barnes,17-03-1971,Single,F,9,California
274073,Christian,Thomas,18-03-1971,Married,M,10,Milwaukee
272009,Arturo,Lal,19-03-1971,Married,M,8,Kansas_City
267346,Theresa,Serrano,19-03-1971,Married,M,7,Detroit
274839,Jeremy,Anderson,19-03-1971,Married,F,7,Detroit
267269,Hunter,Griffin,21-03-1971,Married,F,4,seattle
274441,Henry,Garcia,22-03-1971,Married,M,1,New_york
272940,Cindy,Sanchez,25-03-1971,Married,F,1,New_york
274807,Maria,Carter,28-03-1971,Married,F,7,Detroit
267240,Katelyn,Sanchez,29-03-1971,Married,M,6,Chicago
268670,Jenna,Wright,1/4/1971,Married,M,9,California
267350,Seth,Phillips,1/4/1971,Single,F,9,California
269218,Luke,Long,6/4/1971,Single,M,8,Kansas_City
270002,Dalton,Clark,8/4/1971,Married,M,7,Detroit
271651,Taylor,Lewis,10/4/1971,Single,F,1,New_york
269658,Haley,Richardson,11/4/1971,Single,F,6,Chicago
268500,Noah,Coleman,13-04-1971,Single,F,7,Detroit
267228,Jon,Luo,14-04-1971,Married,F,6,Chicago
268657,Orlando,Vazquez,18-04-1971,Married,F,8,Kansas_City
267032,Fernando,Barnes,21-04-1971,Married,F,4,seattle
268342,Cameron,Rodriguez,21-04-1971,Married,M,7,Detroit
271489,Spencer,Russell,21-04-1971,Single,M,9,California
267078,Julia,Coleman,22-04-1971,Single,M,5,Anaheim
267463,Julia,Garcia,22-04-1971,Married,F,4,seattle
274960,Sean,Evans,24-04-1971,Married,F,9,California
273358,Micah,Zhou,25-04-1971,Married,F,8,Kansas_City
267098,Hunter,Rodriguez,27-04-1971,Married,F,9,California
273781,Ian,Gonzales,28-04-1971,Married,F,3,New_Jersey
272037,Victoria,Lewis,29-04-1971,Single,F,7,Detroit
271485,Erin,Sanders,1/5/1971,Single,M,10,Milwaukee
268909,Gabrielle,Lopez,1/5/1971,Single,M,2,Dallas
271684,Sara,Richardson,4/5/1971,Single,M,4,seattle
272672,Trevor,Jenkins,5/5/1971,Single,F,10,Milwaukee
274551,Mya,Flores,6/5/1971,Single,M,3,New_Jersey
273807,Hailey,Ward,8/5/1971,Single,M,9,California
274818,Luke,Allen,8/5/1971,Married,M,4,seattle
274092,Victoria,Russell,10/5/1971,Single,M,9,California
274008,Jessica,Wilson,11/5/1971,Single,M,6,Chicago
269935,Jade,Bailey,11/5/1971,Married,F,4,seattle
274549,Morgan,Hill,13-05-1971,Married,M,1,New_york
269245,Terrance,Raman,20-05-1971,Married,M,4,seattle
268263,Sydney,Garcia,20-05-1971,Married,F,1,New_york
270478,Jose,Patterson,20-05-1971,Single,F,7,Detroit
272729,Zachary,Anderson,21-05-1971,Married,F,2,Dallas
272839,Elijah,Ross,22-05-1971,Single,F,8,Kansas_City
270150,Rafael,Xie,22-05-1971,Married,F,8,Kansas_City
273963,Jaime,Moreno,24-05-1971,Married,F,7,Detroit
269844,Julian,Griffin,25-05-1971,Married,F,9,California
275174,Andy,Alvarez,27-05-1971,Single,F,10,Milwaukee
266931,Ryan,Thompson,29-05-1971,Married,F,4,seattle
273146,Samantha,Jenkins,4/6/1971,Married,M,5,Anaheim
267995,Deanna,Ramos,4/6/1971,Single,M,4,seattle
270036,Emily,Miller,4/6/1971,Married,M,8,Kansas_City
268301,Nicole,Brown,5/6/1971,Married,F,1,New_york
268200,Carla,Raman,5/6/1971,Married,F,1,New_york
274412,Shaun,Raji,6/6/1971,Married,F,4,seattle
267852,Jerome,Romero,7/6/1971,Married,F,9,California
267639,Frank,Navarro,7/6/1971,Married,M,8,Kansas_City
274837,Dennis,She,9/6/1971,Single,F,3,New_Jersey
273383,Melody,Munoz,11/6/1971,Married,F,6,Chicago
274632,Randy,Zeng,13-06-1971,Married,F,3,New_Jersey
273397,Marshall,Wang,14-06-1971,Married,F,5,Anaheim
274406,Arthur,Carlson,15-06-1971,Married,F,1,New_york
267849,Jessie,Jimenez,17-06-1971,Married,F,3,New_Jersey
271331,Robin,Ramos,18-06-1971,Single,F,9,California
274662,Deanna,Gutierrez,20-06-1971,Single,M,7,Detroit
271827,Roy,Navarro,21-06-1971,Married,M,3,New_Jersey
270119,Shawn,Rai,23-06-1971,Married,F,2,Dallas
267452,Mindy,Luo,24-06-1971,Married,F,5,Anaheim
267395,Cara,Zhou,24-06-1971,Married,M,6,Chicago
271915,Anne,Ramos,24-06-1971,Single,F,7,Detroit
272098,Raymond,Rodriguez,25-06-1971,Married,F,4,seattle
267001,Carrie,Ortega,27-06-1971,Single,F,6,Chicago
268363,Deanna,Suarez,29-06-1971,Married,M,10,Milwaukee
268840,Roberto,Gutierrez,29-06-1971,Married,M,8,Kansas_City
270586,Terrence,Carson,29-06-1971,Single,M,2,Dallas
272162,Ramon,Ye,3/7/1971,Single,F,5,Anaheim
269473,Cynthia,Malhotra,4/7/1971,Single,M,4,seattle
269756,Jarrod,Prasad,4/7/1971,Single,M,3,New_Jersey
271445,Tyrone,Serrano,5/7/1971,Single,F,3,New_Jersey
271345,Cindy,Ramos,6/7/1971,Married,F,8,Kansas_City
273527,Damien,Shan,7/7/1971,Married,F,2,Dallas
269357,Julian,Ross,8/7/1971,Single,M,9,California
273924,Jennifer,Collins,9/7/1971,Single,F,7,Detroit
268629,Brittney,Sun,10/7/1971,Single,F,9,California
274084,Virginia,Patel,10/7/1971,Married,F,5,Anaheim
270259,Calvin,Nara,10/7/1971,Married,M,5,Anaheim
270764,Edward,Miller,11/7/1971,Single,M,1,New_york
268197,Ashlee,Tang,11/7/1971,Married,M,3,New_Jersey
271492,Alicia,Xu,11/7/1971,Married,F,5,Anaheim
267634,Lacey,Jai,11/7/1971,Married,M,5,Anaheim
270818,Wendy,Romero,14-07-1971,Single,F,1,New_york
274663,Carly,Luo,15-07-1971,Married,F,1,New_york
270378,Jimmy,Ortega,18-07-1971,Single,F,2,Dallas
273445,Francisco,Martinez,18-07-1971,Married,M,2,Dallas
270922,Lance,Vazquez,21-07-1971,Single,F,7,Detroit
274504,David,Robinett,24-07-1971,Married,F,5,Anaheim
274295,Shannon,Liang,25-07-1971,Single,F,1,New_york
267815,Gary,Vazquez,26-07-1971,Married,F,10,Milwaukee
268385,Mitchell,Kumar,27-07-1971,Single,M,4,seattle
269058,Meredith,Raman,29-07-1971,Married,M,8,Kansas_City
273997,Edward,Patterson,29-07-1971,Married,M,3,New_Jersey
269035,Marie,Gill,29-07-1971,Married,M,2,Dallas
273868,Tiffany,Wang,2/8/1971,Married,M,2,Dallas
269764,Miguel,Allen,3/8/1971,Single,M,5,Anaheim
273456,Jaclyn,Cai,4/8/1971,Married,M,6,Chicago
267914,Megan,Ramirez,6/8/1971,Single,M,8,Kansas_City
269244,Joseph,Martin,8/8/1971,Married,F,8,Kansas_City
274177,Karl,Shan,8/8/1971,Single,M,5,Anaheim
268916,Christine,Raji,10/8/1971,Single,F,6,Chicago
269315,Lindsay,Xie,12/8/1971,Single,M,2,Dallas
272893,Willie,Zhao,12/8/1971,Single,M,10,Milwaukee
272094,Kurt,Pal,12/8/1971,Single,F,7,Detroit
271027,George,McDonald,13-08-1971,Single,M,8,Kansas_City
271122,Beth,Gutierrez,16-08-1971,Single,M,2,Dallas
268700,Ian,Lopez,18-08-1971,Married,F,3,New_Jersey
275104,Latoya,Shan,18-08-1971,Single,M,3,New_Jersey
271863,Colin,Nath,19-08-1971,Single,M,1,New_york
271784,Brenda,Mehta,22-08-1971,Single,M,3,New_Jersey
274488,Franklin,Raji,24-08-1971,Single,M,7,Detroit
273518,Linda,Navarro,25-08-1971,Married,F,8,Kansas_City
271636,Kelli,Cai,29-08-1971,Married,M,9,California
268099,Nancy,Schmidt,1/9/1971,Single,M,5,Anaheim
275148,Megan,Taylor,3/9/1971,Single,F,4,seattle
268108,Bonnie,Goel,3/9/1971,Single,M,7,Detroit
266854,Latoya,Xu,4/9/1971,Married,M,5,Anaheim
273986,Mario,She,7/9/1971,Married,M,9,California
268786,Darren,Gill,7/9/1971,Married,F,10,Milwaukee
268453,Jacqueline,Hayes,9/9/1971,Single,M,3,New_Jersey
270203,Maurice,Goel,11/9/1971,Married,M,4,seattle
267807,Devin,Ross,11/9/1971,Married,M,7,Detroit
270154,Sydney,Bryant,16-09-1971,Single,F,4,seattle
274268,Megan,Stewart,21-09-1971,Married,M,9,California
268698,Ian,Richardson,4/10/1971,Single,M,5,Anaheim
274927,Randy,She,6/10/1971,Single,M,3,New_Jersey
270451,Katrina,Becker,7/10/1971,Married,F,10,Milwaukee
273563,Lacey,Zheng,8/10/1971,Married,F,6,Chicago
267545,Rafael,Hu,9/10/1971,Single,M,8,Kansas_City
273318,Kyle,Scott,12/10/1971,Married,F,4,seattle
271179,Jordan,Turner,12/10/1971,Married,F,5,Anaheim
270861,Amy,Sun,14-10-1971,Married,M,4,seattle
271679,Dustin,Deng,15-10-1971,Married,F,5,Anaheim
268021,Jasmine,Stewart,18-10-1971,Married,F,10,Milwaukee
272062,Pamela,Garcia,19-10-1971,Married,F,5,Anaheim
274629,Ariana,Gray,20-10-1971,Married,M,5,Anaheim
273502,Kristopher,Mehta,21-10-1971,Married,M,3,New_Jersey
275033,Desiree,Dominguez,21-10-1971,Married,F,10,Milwaukee
270254,Deanna,Perez,24-10-1971,Single,F,7,Detroit
267621,Marco,Lopez,26-10-1971,Married,F,7,Detroit
272082,Casey,Yuan,27-10-1971,Married,M,5,Anaheim
274802,Bryant,Garcia,28-10-1971,Married,F,9,California
275190,Dominique,Prasad,2/11/1971,Married,M,6,Chicago
268347,Maurice,Shan,3/11/1971,Married,M,6,Chicago
273618,Andre,Lopez,3/11/1971,Married,F,9,California
275108,Robin,Romero,4/11/1971,Single,F,8,Kansas_City
268346,Taylor,Cox,4/11/1971,Married,F,7,Detroit
274279,Alfredo,Moreno,6/11/1971,Married,M,2,Dallas
267658,Jenny,Nara,7/11/1971,Married,F,5,Anaheim
273036,Janet,Munoz,9/11/1971,Married,F,2,Dallas
274522,Sergio,Weber,10/11/1971,Married,M,7,Detroit
274517,Erika,Gomez,11/11/1971,Married,F,10,Milwaukee
272614,Joseph,Harris,12/11/1971,Married,F,8,Kansas_City
272767,Grace,Griffin,13-11-1971,Single,M,8,Kansas_City
269031,Tina,Mehta,14-11-1971,Married,F,10,Milwaukee
268708,Kari,Kim,15-11-1971,Single,F,5,Anaheim
274299,Bethany,Chander,19-11-1971,Single,F,7,Detroit
270308,Jennifer,Roberts,19-11-1971,Married,F,9,California
268074,Kyle,Patterson,21-11-1971,Single,M,5,Anaheim
274773,Alvin,Hu,21-11-1971,Married,M,8,Kansas_City
270977,Brett,Mehta,22-11-1971,Single,F,5,Anaheim
270003,Ruben,Mu├▒oz,22-11-1971,Single,M,5,Anaheim
270197,Erika,Rubio,24-11-1971,Single,M,3,New_Jersey
269396,Stanley,Malhotra,25-11-1971,Single,M,3,New_Jersey
272707,Melinda,Navarro,25-11-1971,Single,F,8,Kansas_City
273849,Ross,Sanz,28-11-1971,Married,M,8,Kansas_City
275098,Jon,Gao,29-11-1971,Married,F,2,Dallas
268959,Jaime,Gutierrez,29-11-1971,Married,F,3,New_Jersey
272016,Bianca,Liu,3/12/1971,Married,F,7,Detroit
274562,Tasha,Deng,3/12/1971,Single,M,6,Chicago
273647,Melvin,Chande,9/12/1971,Single,M,7,Detroit
272192,Victor,Jimenez,10/12/1971,Single,F,3,New_Jersey
267855,Laura,Lin,10/12/1971,Married,F,7,Detroit
271944,Alisha,Beck,11/12/1971,Married,F,5,Anaheim
271690,Alejandro,Huang,15-12-1971,Married,F,8,Kansas_City
271429,Louis,Luo,17-12-1971,Married,F,5,Anaheim
267010,Grant,Tang,18-12-1971,Married,F,4,seattle
274244,Arturo,Zheng,18-12-1971,Married,M,2,Dallas
271111,Jaclyn,Andersen,19-12-1971,Married,M,2,Dallas
267664,Edwin,Raji,22-12-1971,Single,F,10,Milwaukee
274021,Jay,Suarez,23-12-1971,Single,F,9,California
273506,Latasha,Suarez,23-12-1971,Single,M,3,New_Jersey
274509,Kenneth,Kumar,26-12-1971,Single,F,10,Milwaukee
269261,Grace,Henderson,27-12-1971,Single,F,7,Detroit
272101,Melvin,Xu,27-12-1971,Single,M,3,New_Jersey
272982,Cesar,Subram,1/1/1972,Single,F,10,Milwaukee
269036,Erika,Navarro,3/1/1972,Married,F,2,Dallas
270147,Tristan,Hughes,7/1/1972,Single,F,6,Chicago
271224,Billy,Hernandez,8/1/1972,Single,F,9,California
274600,Darryl,Wu,10/1/1972,Married,M,1,New_york
271558,Colleen,Ma,12/1/1972,Married,M,6,Chicago
270251,Erica,Hu,13-01-1972,Married,M,4,seattle
269020,Adrienne,Torres,14-01-1972,Single,M,4,seattle
272074,Calvin,Chande,15-01-1972,Married,F,10,Milwaukee
270156,Erick,Sai,22-01-1972,Single,M,6,Chicago
271046,Donald,Chandra,23-01-1972,Married,F,4,seattle
273863,Ariana,Rogers,23-01-1972,Single,F,6,Chicago
269160,Morgan,Jones,24-01-1972,Single,F,1,New_york
274939,Jermaine,Lopez,24-01-1972,Single,F,5,Anaheim
275232,Deborah,Goel,27-01-1972,Single,M,10,Milwaukee
270683,Danny,Rubio,28-01-1972,Single,F,5,Anaheim
274885,Andre,Perez,29-01-1972,Married,F,1,New_york
271455,Terrence,Chander,1/2/1972,Single,F,9,California
275006,Dawn,Wu,1/2/1972,Single,M,2,Dallas
267867,Jimmy,Gutierrez,2/2/1972,Single,M,3,New_Jersey
274110,Francis,Jimenez,3/2/1972,Single,M,5,Anaheim
268405,Gary,Ortega,3/2/1972,Single,F,4,seattle
267945,Katrina,Nath,5/2/1972,Single,M,1,New_york
271629,Arturo,Sun,8/2/1972,Single,F,5,Anaheim
270291,Pedro,Vance,10/2/1972,Single,M,8,Kansas_City
272055,Sarah,Simmons,15-02-1972,Single,M,4,seattle
273242,Brandy,Chandra,15-02-1972,Single,F,3,New_Jersey
273352,Jared,Peterson,15-02-1972,Single,F,5,Anaheim
268445,Dennis,Wu,18-02-1972,Married,M,6,Chicago
271012,Jordan,Baker,20-02-1972,Married,F,10,Milwaukee
274053,Jasmine,Powell,20-02-1972,Single,F,5,Anaheim
274550,Nicholas,Brown,21-02-1972,Single,M,7,Detroit
270688,Isabella,Russell,21-02-1972,Single,F,2,Dallas
270785,Elizabeth,Wilson,22-02-1972,Single,M,2,Dallas
270968,Roger,Harui,22-02-1972,Married,F,5,Anaheim
274136,Seth,Roberts,23-02-1972,Married,F,1,New_york
274402,Caleb,Perry,24-02-1972,Married,M,7,Detroit
270965,Natalie,Campbell,25-02-1972,Single,M,2,Dallas
269124,Alyssa,Howard,28-02-1972,Single,M,3,New_Jersey
269528,Dalton,Diaz,28-02-1972,Married,M,7,Detroit
275158,Shannon,Huang,1/3/1972,Married,M,3,New_Jersey
270810,Mya,Gonzales,1/3/1972,Married,F,1,New_york
269953,Katherine,Bryant,1/3/1972,Married,M,8,Kansas_City
273946,Edward,Washington,3/3/1972,Married,M,1,New_york
270420,Jerome,Navarro,3/3/1972,Married,F,6,Chicago
267698,Jada,Morgan,3/3/1972,Married,M,7,Detroit
272504,Ariana,Peterson,6/3/1972,Married,M,3,New_Jersey
269297,Christian,Hughes,6/3/1972,Married,M,6,Chicago
272386,Lucas,Taylor,8/3/1972,Married,M,2,Dallas
268484,Alyssa,Jackson,9/3/1972,Married,F,9,California
269800,Ariana,Cook,9/3/1972,Married,F,6,Chicago
269118,Katherine,Diaz,10/3/1972,Married,F,6,Chicago
275036,Jenna,Green,11/3/1972,Married,M,5,Anaheim
267778,Joan,Washington,11/3/1972,Married,F,7,Detroit
271951,Austin,Bryant,11/3/1972,Married,F,4,seattle
271526,Andrew,Martinez,12/3/1972,Married,F,4,seattle
267743,Nina,Yuan,13-03-1972,Married,M,10,Milwaukee
272435,Lauren,Miller,13-03-1972,Married,F,7,Detroit
273380,Ebony,Gill,15-03-1972,Married,F,8,Kansas_City
270515,Cameron,Lewis,15-03-1972,Single,M,6,Chicago
271751,Devin,Nelson,17-03-1972,Married,F,8,Kansas_City
271187,Logan,Chow,18-03-1972,Married,F,1,New_york
267293,Dakota,Ross,18-03-1972,Married,M,2,Dallas
273796,Nicole,Taylor,20-03-1972,Single,M,5,Anaheim
267827,Justin,Washington,20-03-1972,Married,F,7,Detroit
272295,Alberto,Navarro,20-03-1972,Single,M,6,Chicago
270855,Aidan,Ross,20-03-1972,Single,M,7,Detroit
266788,Alejandro,Tang,20-03-1972,Single,F,2,Dallas
271377,Sheena,Chande,21-03-1972,Married,M,7,Detroit
274115,Joel,Garcia,25-03-1972,Married,F,2,Dallas
271658,Reginald,Dominguez,25-03-1972,Married,F,10,Milwaukee
268160,Christine,Chande,29-03-1972,Married,M,7,Detroit
273497,Cindy,Sai,2/4/1972,Married,M,2,Dallas
272713,Raymond,Sanchez,2/4/1972,Single,F,7,Detroit
274019,Crystal,Liang,5/4/1972,Married,M,6,Chicago
268920,Deb,Torres,7/4/1972,Single,M,1,New_york
273669,Shannon,Alvarez,7/4/1972,Single,F,9,California
273711,Eddie,Rubio,8/4/1972,Single,M,4,seattle
272708,Sharon,Luo,15-04-1972,Married,M,10,Milwaukee
268333,Sydney,Simmons,17-04-1972,Single,F,8,Kansas_City
271873,Alexandria,Henderson,17-04-1972,Married,M,1,New_york
272368,Lucas,Evans,17-04-1972,Married,M,3,New_Jersey
274336,Felicia,Ramos,19-04-1972,Single,M,10,Milwaukee
274261,Ivan,Malhotra,28-04-1972,Single,M,4,seattle
272069,Frederick,Subram,29-04-1972,Single,F,8,Kansas_City
274613,Whitney,Srini,2/5/1972,Single,M,9,California
272953,Briana,Dominguez,2/5/1972,Single,M,1,New_york
270891,Jarrod,Gonzalez,5/5/1972,Married,F,6,Chicago
268271,Cesar,Srini,8/5/1972,Single,M,3,New_Jersey
271150,Jorge,Liang,12/5/1972,Single,F,8,Kansas_City
273682,Erik,Diaz,13-05-1972,Single,F,8,Kansas_City
271055,April,Shan,14-05-1972,Married,M,3,New_Jersey
273936,Carla,Perez,16-05-1972,Married,F,9,California
273167,Alexia,Foster,17-05-1972,Single,M,9,California
270898,Troy,Malhotra,18-05-1972,Married,M,3,New_Jersey
272070,Kristin,Andersen,18-05-1972,Married,F,10,Milwaukee
272279,Joel,Sai,19-05-1972,Married,M,9,California
270493,Billy,Moreno,22-05-1972,Married,M,9,California
273832,Meagan,Subram,23-05-1972,Single,M,8,Kansas_City
271407,Karla,Luo,23-05-1972,Single,F,2,Dallas
274653,Jackson,Campbell,26-05-1972,Single,M,8,Kansas_City
270458,Micah,Zhu,26-05-1972,Married,M,2,Dallas
268535,Janet,Serrano,27-05-1972,Married,F,4,seattle
268957,Trisha,Huang,1/6/1972,Single,M,2,Dallas
267747,Clayton,Beck,2/6/1972,Single,M,5,Anaheim
270928,Melvin,Raje,2/6/1972,Married,M,2,Dallas
274270,Cindy,Jordan,6/6/1972,Married,F,1,New_york
268647,Claudia,Ma,7/6/1972,Single,M,9,California
275236,Karla,Xu,8/6/1972,Single,F,2,Dallas
274931,Devin,Carter,10/6/1972,Married,M,10,Milwaukee
270084,Kari,Perez,10/6/1972,Married,F,4,seattle
273606,Alberto,Romero,13-06-1972,Married,F,10,Milwaukee
273440,Kevin,Bryant,15-06-1972,Single,M,9,California
271958,Candace,Mehta,15-06-1972,Married,F,9,California
266855,Ebony,Malhotra,16-06-1972,Married,M,10,Milwaukee
273697,Erika,Diaz,16-06-1972,Single,F,1,New_york
273119,Stacey,Lu,17-06-1972,Single,F,9,California
273025,Darrell,Raji,17-06-1972,Single,F,6,Chicago
269568,Armando,Moreno,17-06-1972,Single,M,2,Dallas
267380,Corey,Goel,19-06-1972,Single,F,4,seattle
275088,Sebastian,Howard,23-06-1972,Single,F,2,Dallas
269616,Roger,Raje,23-06-1972,Married,F,8,Kansas_City
272472,Janelle,Chandra,24-06-1972,Single,F,5,Anaheim
269559,Meredith,Ruiz,24-06-1972,Single,M,1,New_york
268101,Melody,Diaz,25-06-1972,Single,M,3,New_Jersey
270823,Linda,Rubio,28-06-1972,Single,M,5,Anaheim
273546,Ivan,Raman,29-06-1972,Single,F,9,California
268612,Larry,Gill,2/7/1972,Single,F,4,seattle
269805,Geoffrey,Gonzalez,4/7/1972,Single,F,6,Chicago
273492,Edgar,Sanchez,5/7/1972,Single,F,7,Detroit
272938,Heidi,Subram,6/7/1972,Single,M,8,Kansas_City
271538,Melody,Ramos,10/7/1972,Single,F,5,Anaheim
275082,Clinton,Moreno,11/7/1972,Single,M,9,California
274058,Cesar,Madan,13-07-1972,Single,F,10,Milwaukee
273330,Eugene,Ye,13-07-1972,Single,M,1,New_york
268348,Blake,Collins,15-07-1972,Single,M,5,Anaheim
272852,Ernest,Lin,18-07-1972,Married,F,10,Milwaukee
273205,Keith,Andersen,19-07-1972,Single,M,2,Dallas
269013,Meredith,Prasad,20-07-1972,Single,M,1,New_york
267721,Katrina,Sharma,22-07-1972,Single,F,9,California
273361,Dwayne,Navarro,22-07-1972,Married,F,8,Kansas_City
269197,Casey,Nath,22-07-1972,Married,M,8,Kansas_City
267543,Sean,Brooks,24-07-1972,Single,F,7,Detroit
274450,Brian,Ramirez,24-07-1972,Married,F,9,California
270460,Sierra,Young,27-07-1972,Single,M,5,Anaheim
275007,Megan,Rodriguez,29-07-1972,Single,M,4,seattle
267925,Leah,She,2/8/1972,Single,M,4,seattle
269470,Gabriel,Allen,2/8/1972,Married,M,4,seattle
273030,Angela,Perry,3/8/1972,Single,F,3,New_Jersey
271095,Ryan,Smith,4/8/1972,Single,M,3,New_Jersey
269310,Zachary,Moore,6/8/1972,Married,M,4,seattle
274204,Destiny,Rogers,9/8/1972,Married,F,1,New_york
272231,Dalton,Gray,10/8/1972,Married,F,5,Anaheim
273641,Mariah,Wood,17-08-1972,Single,F,2,Dallas
273357,Isaiah,Wright,18-08-1972,Single,F,9,California
271144,Haley,Powell,19-08-1972,Married,F,2,Dallas
274438,Antonio,Bennett,20-08-1972,Married,F,6,Chicago
270721,Alexandra,Jenkins,20-08-1972,Married,M,1,New_york
274093,Thomas,Anderson,21-08-1972,Married,M,2,Dallas
273237,Samuel,Collins,26-08-1972,Married,M,3,New_Jersey
270659,Darrell,Chande,27-08-1972,Married,M,10,Milwaukee
267439,Kimberly,Cox,27-08-1972,Single,M,1,New_york
269636,Morgan,Hernandez,3/9/1972,Married,F,2,Dallas
274090,Antonio,Powell,4/9/1972,Married,F,10,Milwaukee
271584,Angelica,Perry,4/9/1972,Married,M,9,California
270401,Chloe,Wilson,5/9/1972,Married,F,8,Kansas_City
274281,James,Chen,5/9/1972,Married,F,5,Anaheim
271965,Morgan,Hughes,6/9/1972,Married,M,4,seattle
270907,Naomi,Munoz,9/9/1972,Married,F,1,New_york
273114,Charles,Torres,9/9/1972,Single,F,8,Kansas_City
273939,Gabriella,Turner,9/9/1972,Single,F,9,California
273495,Anna,Foster,11/9/1972,Single,M,6,Chicago
269382,Randy,Wu,12/9/1972,Single,F,1,New_york
270760,Kevin,Scott,16-09-1972,Single,F,8,Kansas_City
269702,Ian,White,16-09-1972,Married,M,6,Chicago
267370,Caleb,Hayes,21-09-1972,Married,M,4,seattle
273157,Patricia,Garcia,23-09-1972,Married,F,3,New_Jersey
268731,Samuel,Russell,25-09-1972,Married,M,8,Kansas_City
268870,Sydney,Peterson,26-09-1972,Single,F,7,Detroit
266975,Ariana,Sanchez,27-09-1972,Married,M,4,seattle
272518,Tamara,Sharma,2/10/1972,Single,F,9,California
268534,Katelyn,Perez,2/10/1972,Married,M,9,California
267405,Megan,Cox,3/10/1972,Married,F,2,Dallas
272248,Robert,Mitchell,4/10/1972,Married,M,7,Detroit
269629,Miguel,Adams,5/10/1972,Single,M,6,Chicago
267092,Miranda,Gonzales,8/10/1972,Married,F,7,Detroit
273056,Jeremiah,James,10/10/1972,Single,F,3,New_Jersey
267905,Ethan,Kumar,12/10/1972,Single,F,9,California
274241,Seth,Williams,13-10-1972,Married,F,9,California
274946,Alyssa,Morgan,14-10-1972,Single,M,4,seattle
273595,Janet,Dominguez,16-10-1972,Married,M,3,New_Jersey
271060,Angel,Baker,16-10-1972,Married,M,4,seattle
274567,Blake,Moore,18-10-1972,Married,M,2,Dallas
268988,Jada,Collins,19-10-1972,Single,M,6,Chicago
273478,Isabella,Simmons,20-10-1972,Single,F,3,New_Jersey
267112,Jacqueline,Perry,22-10-1972,Single,M,7,Detroit
270366,Jessica,Brown,24-10-1972,Single,M,3,New_Jersey
267895,Chad,Jai,25-10-1972,Married,F,10,Milwaukee
272446,Susan,Ye,26-10-1972,Single,F,7,Detroit
272700,Morgan,Rogers,27-10-1972,Married,M,6,Chicago
272489,Devin,Martinez,28-10-1972,Single,F,6,Chicago
268558,Alan,Hu,2/11/1972,Married,F,4,seattle
272313,Charles,Walker,2/11/1972,Single,F,5,Anaheim
272508,Johnny,Chavez,5/11/1972,Married,M,9,California
272200,Dalton,Richardson,6/11/1972,Married,M,4,seattle
275043,Kaylee,Nelson,8/11/1972,Married,M,4,seattle
271283,Abigail,Jones,10/11/1972,Married,M,2,Dallas
272561,Kaitlyn,Hall,12/11/1972,Married,M,8,Kansas_City
268412,Greg,Taylor,13-11-1972,Married,F,4,seattle
267174,Devin,Parker,16-11-1972,Single,M,1,New_york
266863,Jose,Griffin,17-11-1972,Married,M,6,Chicago
267583,Luke,Edwards,21-11-1972,Single,M,4,seattle
270706,Cody,Torres,24-11-1972,Single,M,1,New_york
273941,Victoria,Morris,26-11-1972,Single,F,8,Kansas_City
269922,Ian,Diaz,26-11-1972,Married,M,5,Anaheim
267193,Caroline,Butler,27-11-1972,Married,M,1,New_york
269603,Kaitlyn,Wilson,28-11-1972,Single,M,4,seattle
273308,Caleb,Gonzales,28-11-1972,Married,M,1,New_york
267429,Hailey,Diaz,29-11-1972,Single,F,2,Dallas
271596,Jonathon,Ortega,29-11-1972,Married,F,9,California
274386,Logan,Campbell,1/12/1972,Married,M,6,Chicago
268504,Mackenzie,Campbell,5/12/1972,Single,M,6,Chicago
269462,Eduardo,Lee,5/12/1972,Married,F,6,Chicago
273638,Jackson,Wright,9/12/1972,Married,M,8,Kansas_City
268469,Chase,Peterson,10/12/1972,Single,F,10,Milwaukee
267715,Xavier,Richardson,10/12/1972,Single,F,7,Detroit
273265,David,Hayes,12/12/1972,Married,F,5,Anaheim
272535,Jenny,Zhou,12/12/1972,Single,F,4,seattle
268241,Kaylee,Baker,13-12-1972,Single,M,5,Anaheim
274449,Evan,Hernandez,15-12-1972,Single,M,4,seattle
267270,Brooke,Richardson,16-12-1972,Single,M,2,Dallas
274523,Blake,Perez,16-12-1972,Married,F,8,Kansas_City
272438,Natalie,Cook,16-12-1972,Single,M,9,California
269034,Elizabeth,Weisman,16-12-1972,Single,M,10,Milwaukee
273675,Hailey,Collins,18-12-1972,Single,M,7,Detroit
267875,Zoe,Ramirez,18-12-1972,Married,F,8,Kansas_City
268319,Daniel,Davis,19-12-1972,Single,M,10,Milwaukee
272969,Shelby,Rogers,19-12-1972,Married,M,5,Anaheim
272010,Kyle,Zhang,22-12-1972,Married,F,5,Anaheim
268171,Alexandria,Long,22-12-1972,Married,M,3,New_Jersey
268419,Chloe,Robinson,23-12-1972,Married,F,3,New_Jersey
268976,Evan,Kelly,26-12-1972,Single,M,4,seattle
267257,Marcus,Jones,26-12-1972,Married,M,4,seattle
269556,Sarah,Jones,27-12-1972,Married,M,5,Anaheim
271743,Blake,Green,27-12-1972,Married,F,3,New_Jersey
269679,Morgan,Morris,28-12-1972,Married,M,4,seattle
269352,Jennifer,Alexander,3/1/1973,Married,F,3,New_Jersey
269490,Julian,Hughes,5/1/1973,Married,M,5,Anaheim
268366,Luke,Coleman,9/1/1973,Single,F,9,California
274556,Jason,Carter,10/1/1973,Single,F,8,Kansas_City
267387,Jose,Li,11/1/1973,Single,M,9,California
273662,Micah,Liang,12/1/1973,Single,M,10,Milwaukee
270071,Benjamin,Taylor,17-01-1973,Single,F,5,Anaheim
268055,Logan,White,20-01-1973,Married,M,5,Anaheim
270306,Caleb,Campbell,21-01-1973,Married,M,1,New_york
271205,Emma,Torres,23-01-1973,Married,M,7,Detroit
275204,Tanya,Gill,24-01-1973,Married,F,1,New_york
270144,Erick,Sanchez,28-01-1973,Married,F,5,Anaheim
274334,Kristi,Schmidt,1/2/1973,Married,M,5,Anaheim
273553,Omar,Chen,4/2/1973,Married,M,3,New_Jersey
274251,Sydney,Gray,5/2/1973,Married,M,5,Anaheim
267931,Sebastian,Sanchez,6/2/1973,Married,F,10,Milwaukee
267169,Megan,Martin,7/2/1973,Married,M,8,Kansas_City
271856,Elijah,Alexander,8/2/1973,Married,F,7,Detroit
267126,Aaron,King,9/2/1973,Married,M,8,Kansas_City
268411,Jan,Hall,10/2/1973,Married,F,1,New_york
274648,Tamara,Chander,13-02-1973,Married,M,8,Kansas_City
268502,Edward,Lewis,14-02-1973,Single,F,6,Chicago
272808,Chase,Kelly,15-02-1973,Married,M,6,Chicago
272684,Stephanie,Campbell,17-02-1973,Married,F,6,Chicago
267718,Allison,Gonzalez,19-02-1973,Married,F,9,California
272046,Seth,Brooks,20-02-1973,Single,M,5,Anaheim
272727,Destiny,Davis,20-02-1973,Married,M,3,New_Jersey
273067,Blake,Hill,21-02-1973,Married,F,5,Anaheim
272173,Eduardo,Jackson,21-02-1973,Married,M,8,Kansas_City
272799,Latoya,She,24-02-1973,Married,F,6,Chicago
269033,Victoria,Gonzales,24-02-1973,Married,M,6,Chicago
267320,Lauren,Bryant,25-02-1973,Married,M,3,New_Jersey
269789,Felicia,Ortega,27-02-1973,Married,F,2,Dallas
269798,Janet,Ortega,28-02-1973,Married,F,4,seattle
269988,Willie,Pal,2/3/1973,Married,M,6,Chicago
268606,Linda,Ortega,3/3/1973,Single,F,1,New_york
268352,Vincent,Cai,4/3/1973,Married,F,8,Kansas_City
266991,Colin,Yuan,5/3/1973,Married,M,5,Anaheim
269794,Dawn,Nath,7/3/1973,Married,F,10,Milwaukee
267696,Melody,Moreno,9/3/1973,Married,F,8,Kansas_City
272720,Edgar,Mehta,9/3/1973,Single,F,2,Dallas
275046,Randall,Gomez,10/3/1973,Married,M,10,Milwaukee
271547,Ross,Fernandez,10/3/1973,Married,F,7,Detroit
269617,Jessie,Ramos,11/3/1973,Single,F,3,New_Jersey
269306,Marc,Torres,11/3/1973,Married,M,6,Chicago
273019,Candace,Raman,11/3/1973,Single,F,4,seattle
274369,Meagan,Madan,14-03-1973,Single,F,9,California
274237,Clayton,Nara,17-03-1973,Married,M,10,Milwaukee
275233,Haley,Hernandez,17-03-1973,Single,M,5,Anaheim
270839,Peter,Nara,19-03-1973,Single,M,5,Anaheim
269737,Isaac,Rivera,19-03-1973,Single,M,6,Chicago
271722,Cameron,Moore,20-03-1973,Married,M,6,Chicago
275261,Gavin,Diaz,21-03-1973,Single,F,10,Milwaukee
275091,Emma,Sanchez,26-03-1973,Married,F,2,Dallas
267892,Sierra,Roberts,27-03-1973,Single,F,4,seattle
269376,Seth,Mitchell,2/4/1973,Married,F,8,Kansas_City
274356,Miranda,Long,2/4/1973,Single,F,9,California
271818,Haley,Henderson,3/4/1973,Single,M,7,Detroit
269887,Sarah,Jackson,3/4/1973,Single,M,2,Dallas
274124,Jessica,Alexander,4/4/1973,Single,F,1,New_york
275136,Carlos,Gray,6/4/1973,Married,M,4,seattle
268825,Barbara,Jai,6/4/1973,Married,M,6,Chicago
267637,Sara,Mitchell,7/4/1973,Married,F,4,seattle
267309,Jose,Turner,8/4/1973,Married,F,1,New_york
273637,Theodore,Diaz,12/4/1973,Married,M,2,Dallas
271448,Ian,Murphy,12/4/1973,Single,M,4,seattle
271569,Jerry,Nath,23-04-1973,Married,F,3,New_Jersey
271862,Destiny,James,24-04-1973,Single,M,8,Kansas_City
271108,Bailey,Phillips,28-04-1973,Married,M,10,Milwaukee
274364,Timothy,Gonzalez,28-04-1973,Married,M,10,Milwaukee
274780,Chase,Morgan,1/5/1973,Married,M,6,Chicago
273014,Alexia,Perry,2/5/1973,Married,M,4,seattle
270672,Xavier,Rogers,3/5/1973,Married,M,2,Dallas
268173,Lauren,Ross,4/5/1973,Single,M,8,Kansas_City
267588,Nicole,Thomas,4/5/1973,Single,M,8,Kansas_City
267097,Isabel,Jenkins,5/5/1973,Single,M,2,Dallas
270955,Devin,Coleman,5/5/1973,Single,M,1,New_york
272314,Brendan,Chande,5/5/1973,Married,M,1,New_york
268608,Jessie,Wang,5/5/1973,Married,M,8,Kansas_City
267432,Jennifer,Baker,7/5/1973,Married,F,5,Anaheim
268585,Aaron,Sharma,8/5/1973,Married,F,4,seattle
269088,Madison,Taylor,9/5/1973,Married,M,8,Kansas_City
271929,Jan,Hernandez,9/5/1973,Single,F,6,Chicago
270255,Haley,Turner,10/5/1973,Married,M,1,New_york
273634,Richard,Green,10/5/1973,Married,F,6,Chicago
270384,Jennifer,Stewart,11/5/1973,Married,F,8,Kansas_City
269259,Lucas,Baker,14-05-1973,Married,F,7,Detroit
272568,James,Parker,17-05-1973,Married,F,10,Milwaukee
272879,Juan,Gray,21-05-1973,Married,M,5,Anaheim
273258,Antonio,Washington,26-05-1973,Single,M,8,Kansas_City
269466,Abigail,Brooks,26-05-1973,Single,F,6,Chicago
274490,Andrew,Rodriguez,1/6/1973,Married,F,4,seattle
273435,Mary,Patterson,2/6/1973,Married,M,5,Anaheim
268810,Dalton,Morgan,2/6/1973,Married,F,6,Chicago
266824,Hannah,Patterson,4/6/1973,Married,M,7,Detroit
270788,Joe,Torres,4/6/1973,Married,M,4,seattle
275262,Morgan,Miller,6/6/1973,Single,M,10,Milwaukee
272487,Daniel,Garcia,8/6/1973,Married,F,9,California
268328,Jose,Lal,8/6/1973,Married,F,7,Detroit
271838,Katelyn,Lopez,10/6/1973,Married,F,5,Anaheim
270075,Austin,Johnson,11/6/1973,Married,M,3,New_Jersey
274868,Rohinton,Wadia,14-06-1973,Married,F,2,Dallas
268716,Morgan,Turner,15-06-1973,Married,M,2,Dallas
273136,Jill,Martin,20-06-1973,Married,M,4,seattle
266982,Aimee,She,22-06-1973,Single,M,5,Anaheim
267327,Jessie,Alonso,22-06-1973,Married,F,3,New_Jersey
269063,Sara,Baker,23-06-1973,Married,M,3,New_Jersey
274363,Katherine,Martinez,28-06-1973,Married,M,1,New_york
272054,Sophia,Campbell,3/7/1973,Married,M,1,New_york
270950,Taylor,Garcia,5/7/1973,Married,F,6,Chicago
267116,Christian,Ross,7/7/1973,Married,F,7,Detroit
269361,Zoe,Murphy,9/7/1973,Single,F,10,Milwaukee
267962,Oscar,Price,12/7/1973,Married,M,9,California
267888,Fernando,Flores,12/7/1973,Single,F,10,Milwaukee
273719,Elijah,Russell,16-07-1973,Single,M,9,California
270923,Garrett,Travers,16-07-1973,Married,F,2,Dallas
271888,Haley,Alexander,17-07-1973,Single,F,5,Anaheim
273455,Justin,Rodriguez,17-07-1973,Single,M,8,Kansas_City
267301,Tyler,Brown,19-07-1973,Single,F,2,Dallas
271327,Julian,Patterson,20-07-1973,Married,F,3,New_Jersey
271341,Sean,Nelson,22-07-1973,Married,M,10,Milwaukee
274866,Justin,Wilson,23-07-1973,Single,F,2,Dallas
272371,Christy,Nara,28-07-1973,Single,M,5,Anaheim
269172,Michele,Alvarez,28-07-1973,Single,F,4,seattle
268681,Natalie,Jones,29-07-1973,Single,M,8,Kansas_City
266815,Savannah,Reed,7/8/1973,Single,F,4,seattle
268337,Cassidy,Diaz,8/8/1973,Single,M,10,Milwaukee
272981,Joshua,Lewis,11/8/1973,Married,M,8,Kansas_City
274452,Faith,Reed,11/8/1973,Single,F,4,seattle
269003,Brooke,Ramirez,12/8/1973,Single,M,6,Chicago
272459,Jada,Mitchell,13-08-1973,Single,F,4,seattle
268924,Kyle,Russell,16-08-1973,Single,F,3,New_Jersey
270573,Grace,Jones,20-08-1973,Single,F,1,New_york
272809,Jason,Mitchell,20-08-1973,Single,M,7,Detroit
274788,Christian,Walker,22-08-1973,Married,M,2,Dallas
272716,Seth,Hernandez,23-08-1973,Married,M,4,seattle
273053,Isabella,Young,23-08-1973,Single,F,5,Anaheim
271279,Jordan,Coleman,24-08-1973,Married,M,3,New_Jersey
272170,Blake,Garcia,25-08-1973,Married,F,5,Anaheim
267214,Nicole,Walker,25-08-1973,Married,F,6,Chicago
267226,Katherine,Carter,26-08-1973,Married,M,2,Dallas
272385,Olivia,Peterson,1/9/1973,Single,M,2,Dallas
272511,Jessica,Wood,1/9/1973,Married,F,5,Anaheim
273644,Elizabeth,Thompson,1/9/1973,Married,F,3,New_Jersey
273261,Chloe,Rivera,2/9/1973,Married,F,9,California
273823,Lucas,Scott,4/9/1973,Married,M,9,California
268172,Nathaniel,James,6/9/1973,Married,M,1,New_york
274733,Jessica,Peterson,6/9/1973,Single,M,10,Milwaukee
272341,Kaitlyn,Adams,10/9/1973,Single,F,9,California
270787,Jillian,Garcia,10/9/1973,Single,F,6,Chicago
270771,Dalton,Bennett,12/9/1973,Single,F,7,Detroit
275210,Faith,Patterson,13-09-1973,Single,M,2,Dallas
273498,Ryan,Zhang,13-09-1973,Married,M,10,Milwaukee
271755,Adrian,Bell,15-09-1973,Single,F,2,Dallas
270874,Jonathan,Brown,17-09-1973,Married,M,9,California
272813,Madison,White,17-09-1973,Married,M,7,Detroit
271340,Alexis,Diaz,21-09-1973,Married,M,3,New_Jersey
274384,Christine,Nara,22-09-1973,Married,M,7,Detroit
274325,Edgar,Sai,23-09-1973,Married,F,8,Kansas_City
274226,Melissa,Sanchez,23-09-1973,Married,F,10,Milwaukee
267585,Richard,Mitchell,25-09-1973,Married,M,3,New_Jersey
270739,Patrick,Stewart,26-09-1973,Married,F,5,Anaheim
271243,Hannah,Anderson,26-09-1973,Married,F,2,Dallas
269007,Latoya,Shen,29-09-1973,Married,M,3,New_Jersey
272503,Kurt,Sharma,1/10/1973,Married,M,8,Kansas_City
267856,Katelyn,Parker,1/10/1973,Married,F,10,Milwaukee
272124,Joseph,White,4/10/1973,Married,F,8,Kansas_City
273831,Aaron,Ross,5/10/1973,Married,M,5,Anaheim
267468,Blake,Patterson,6/10/1973,Single,M,4,seattle
269282,Whitney,Lopez,9/10/1973,Married,M,2,Dallas
270650,Jamie,Liang,10/10/1973,Married,F,6,Chicago
267749,Julio,Ortega,11/10/1973,Married,M,10,Milwaukee
267974,Orlando,Carlson,12/10/1973,Married,M,1,New_york
273706,Ann,Gonzalez,12/10/1973,Married,F,10,Milwaukee
274525,Dustin,Chander,14-10-1973,Married,F,10,Milwaukee
269010,Frank,Carlson,14-10-1973,Married,F,2,Dallas
273387,Orlando,Ashe,15-10-1973,Single,F,10,Milwaukee
269999,Angela,Henderson,15-10-1973,Married,F,6,Chicago
271157,Brenda,Perez,15-10-1973,Single,F,6,Chicago
268965,Byron,Carlson,20-10-1973,Single,F,8,Kansas_City
271452,Stacy,Alvarez,21-10-1973,Single,M,4,seattle
274129,Drew,Pal,23-10-1973,Married,F,3,New_Jersey
273465,Kate,Raji,24-10-1973,Single,M,3,New_Jersey
268187,Kaylee,Cook,24-10-1973,Single,M,1,New_york
269189,Isaiah,Ramirez,25-10-1973,Single,F,9,California
275226,Gabriella,Sanders,26-10-1973,Married,M,4,seattle
273971,Sarah,Garcia,26-10-1973,Single,F,6,Chicago
274554,Rafael,Tang,3/11/1973,Single,F,7,Detroit
271885,Nichole,She,4/11/1973,Married,F,3,New_Jersey
267003,Jaclyn,Zheng,4/11/1973,Married,M,5,Anaheim
268860,Rachael,Kapoor,4/11/1973,Married,F,4,seattle
272741,Rachael,Sai,9/11/1973,Single,F,7,Detroit
269497,Rebecca,Robinson,10/11/1973,Married,M,7,Detroit
268415,Meagan,Rana,10/11/1973,Single,M,9,California
272530,Philip,Carlson,10/11/1973,Single,F,3,New_Jersey
269279,Joe,Rana,10/11/1973,Single,M,3,New_Jersey
266919,Roy,Sanz,11/11/1973,Single,M,6,Chicago
275064,Kaylee,Hill,13-11-1973,Married,F,6,Chicago
274666,Warren,Andersen,14-11-1973,Married,F,8,Kansas_City
271553,Adrienne,Gomez,15-11-1973,Single,M,4,seattle
274138,Gilbert,Zhu,15-11-1973,Married,M,8,Kansas_City
270880,James,Davis,17-11-1973,Single,F,3,New_Jersey
272422,Sarah,Bryant,17-11-1973,Married,F,8,Kansas_City
267377,Ian,Long,20-11-1973,Single,M,8,Kansas_City
266836,Ashlee,Jai,21-11-1973,Single,F,7,Detroit
268908,Eduardo,Foster,24-11-1973,Single,F,2,Dallas
272449,Nicole,Murphy,25-11-1973,Single,F,10,Milwaukee
270860,Isabella,Morris,26-11-1973,Married,M,3,New_Jersey
269546,Virginia,Gonzalez,28-11-1973,Single,M,3,New_Jersey
274400,Jaclyn,Nara,3/12/1973,Married,M,8,Kansas_City
267830,Marcus,Adams,6/12/1973,Single,M,8,Kansas_City
272878,Elizabeth,Coleman,6/12/1973,Married,F,10,Milwaukee
269779,Mathew,Rubio,8/12/1973,Single,M,7,Detroit
272407,Justin,Shan,12/12/1973,Single,F,9,California
274027,Jessica,Taylor,13-12-1973,Single,M,6,Chicago
272562,Hunter,Clark,14-12-1973,Married,M,5,Anaheim
268556,Devin,Perez,18-12-1973,Married,F,6,Chicago
271543,Seth,Alexander,20-12-1973,Married,M,1,New_york
274483,Kevin,Washington,23-12-1973,Single,F,2,Dallas
268061,Tyler,Miller,23-12-1973,Married,M,6,Chicago
269555,Adam,Roberts,24-12-1973,Single,F,7,Detroit
273757,George,Gonzalez,24-12-1973,Married,M,5,Anaheim
272003,Dawn,Huang,24-12-1973,Married,M,3,New_Jersey
268436,Rachael,Rodriguez,25-12-1973,Single,F,4,seattle
270067,Dennis,Huang,27-12-1973,Married,M,7,Detroit
273299,Brandy,Saunders,28-12-1973,Single,M,2,Dallas
271091,Jenny,Zheng,29-12-1973,Single,F,4,seattle
275126,Tasha,Xu,2/1/1974,Married,F,2,Dallas
270828,Julia,Brooks,5/1/1974,Single,M,2,Dallas
272925,Jordan,Carter,8/1/1974,Married,M,5,Anaheim
271446,Lacey,Huang,8/1/1974,Married,M,7,Detroit
274496,Dorothy,Robinson,11/1/1974,Single,M,1,New_york
268645,Courtney,Wright,13-01-1974,Single,M,10,Milwaukee
273403,Joseph,Garcia,13-01-1974,Married,M,6,Chicago
268218,Gabriel,Green,15-01-1974,Single,F,4,seattle
274895,Alexandria,Sandberg,16-01-1974,Single,F,9,California
273218,Courtney,Hernandez,18-01-1974,Single,F,8,Kansas_City
267160,Dylan,Lal,19-01-1974,Single,M,3,New_Jersey
275084,Elizabeth,Davis,21-01-1974,Single,F,7,Detroit
274219,Ana,Griffin,24-01-1974,Single,M,8,Kansas_City
273949,Anne,Alvarez,25-01-1974,Single,M,4,seattle
270121,Alexandra,Roberts,29-01-1974,Single,F,5,Anaheim
269430,Antonio,Patterson,29-01-1974,Married,F,5,Anaheim
274941,Sharon,Salavaria,29-01-1974,Single,F,7,Detroit
267504,Katie,She,1/2/1974,Single,F,7,Detroit
269859,Rafael,Black,2/2/1974,Single,F,5,Anaheim
268490,Latasha,Munoz,2/2/1974,Single,F,1,New_york
269285,Kelsey,Becker,4/2/1974,Single,F,7,Detroit
274042,Randy,Xu,6/2/1974,Single,F,4,seattle
270684,Bailey,Collins,7/2/1974,Single,M,2,Dallas
275171,Amanda,Adams,9/2/1974,Single,F,9,California
274435,Katherine,Williams,10/2/1974,Married,M,8,Kansas_City
270117,Caroline,Barnes,10/2/1974,Single,M,6,Chicago
267328,Randy,Sun,11/2/1974,Single,M,5,Anaheim
272401,Destiny,Garcia,12/2/1974,Single,M,4,seattle
274149,Audrey,Ramos,12/2/1974,Single,M,6,Chicago
267449,Bonnie,Jai,15-02-1974,Married,F,10,Milwaukee
271595,Jackson,Washington,15-02-1974,Married,M,5,Anaheim
272666,Christopher,Johnson,19-02-1974,Married,F,3,New_Jersey
268673,Kimberly,Richardson,20-02-1974,Single,F,1,New_york
273674,Alexandria,Howard,23-02-1974,Single,F,9,California
270667,Alexandra,Foster,24-02-1974,Single,M,9,California
271080,Cheryl,Ortega,25-02-1974,Married,F,5,Anaheim
268305,Alex,Campbell,25-02-1974,Married,M,2,Dallas
273582,Melanie,Hughes,25-02-1974,Married,F,10,Milwaukee
268973,Max,Alvarez,25-02-1974,Single,F,8,Kansas_City
274759,Diane,Vazquez,27-02-1974,Married,M,7,Detroit
275060,Kathryn,Chapman,27-02-1974,Single,M,6,Chicago
268512,Kara,Anand,1/3/1974,Single,M,5,Anaheim
269993,Joanna,Vazquez,4/3/1974,Single,F,7,Detroit
268768,Frederick,Martinez,9/3/1974,Married,F,7,Detroit
272706,Tonya,Chande,9/3/1974,Single,M,8,Kansas_City
272566,Rosa,Wang,10/3/1974,Single,M,7,Detroit
269711,Leah,Hu,13-03-1974,Single,F,6,Chicago
271969,Kelvin,Carson,14-03-1974,Married,M,5,Anaheim
274316,Veronica,Srini,15-03-1974,Single,M,2,Dallas
268982,Kristina,Kapoor,17-03-1974,Married,M,10,Milwaukee
273496,Donna,Sharma,25-03-1974,Married,M,8,Kansas_City
267273,Johnny,Shan,27-03-1974,Married,M,7,Detroit
274884,Ashley,Russell,29-03-1974,Single,F,3,New_Jersey
272783,Shannon,Yang,1/4/1974,Single,M,3,New_Jersey
272671,Adriana,Lopez,1/4/1974,Single,F,7,Detroit
273900,Audrey,Munoz,2/4/1974,Single,F,8,Kansas_City
272163,Jarrod,Suri,6/4/1974,Single,M,3,New_Jersey
271251,Gilbert,Shen,6/4/1974,Married,M,2,Dallas
268387,Richard,Blue,9/4/1974,Married,F,1,New_york
267209,Shannon,Sun,15-04-1974,Married,M,4,seattle
272790,Sharon,Yuan,15-04-1974,Married,F,5,Anaheim
268864,Ann,Martinez,17-04-1974,Single,F,2,Dallas
269291,Max,Serrano,17-04-1974,Married,F,4,seattle
266866,Morgan,Johnson,18-04-1974,Single,M,4,seattle
268769,Monica,Schmidt,18-04-1974,Married,F,4,seattle
268086,Kayla,Lewis,19-04-1974,Single,M,5,Anaheim
269565,Devin,Sanders,20-04-1974,Married,M,9,California
273065,Jacob,White,22-04-1974,Single,F,7,Detroit
268140,Meredith,Serrano,23-04-1974,Single,F,8,Kansas_City
267915,David,Simmons,25-04-1974,Married,M,8,Kansas_City
268654,Devin,Henderson,26-04-1974,Married,M,9,California
266783,Gabrielle,Cox,1/5/1974,Single,M,4,seattle
272869,Olivia,Rogers,2/5/1974,Married,M,4,seattle
271994,Deborah,Yuan,3/5/1974,Single,F,6,Chicago
273175,Jose,Wright,3/5/1974,Single,F,8,Kansas_City
274761,Fernando,Johnson,4/5/1974,Single,M,8,Kansas_City
267972,Samuel,Edwards,4/5/1974,Single,M,8,Kansas_City
273987,Logan,Diaz,5/5/1974,Married,M,9,California
268536,Lucas,Flores,5/5/1974,Married,F,3,New_Jersey
275186,Haley,Wood,6/5/1974,Married,F,3,New_Jersey
268639,Sarah,Lewis,7/5/1974,Single,F,10,Milwaukee
269925,Damien,Hu,7/5/1974,Married,M,5,Anaheim
274782,Ana,Washington,7/5/1974,Single,F,8,Kansas_City
269691,Logan,Jai,8/5/1974,Single,M,1,New_york
274982,Tyler,Taylor,10/5/1974,Single,M,8,Kansas_City
268981,Kristen,Guo,11/5/1974,Single,M,7,Detroit
268901,Julian,Long,12/5/1974,Married,M,9,California
267158,Gerald,Prasad,14-05-1974,Married,M,5,Anaheim
273429,Summer,Lopez,14-05-1974,Married,M,9,California
273795,Patricia,Chapman,15-05-1974,Single,M,5,Anaheim
267278,George,Vance,18-05-1974,Single,F,10,Milwaukee
268477,Ricardo,Nath,19-05-1974,Married,F,3,New_Jersey
267413,Richard,Torres,21-05-1974,Married,M,4,seattle
272409,Seth,Martin,21-05-1974,Married,M,7,Detroit
270992,Alex,Carter,23-05-1974,Married,F,2,Dallas
274335,Carson,Patterson,25-05-1974,Married,F,5,Anaheim
271670,Madeline,Lopez,28-05-1974,Single,F,2,Dallas
273671,Luis,Russell,1/6/1974,Single,M,4,seattle
273510,Alexa,Cook,2/6/1974,Single,M,7,Detroit
274476,Alexandra,Davis,3/6/1974,Single,F,1,New_york
272730,Kayla,Coleman,3/6/1974,Single,M,1,New_york
270172,Angela,Russell,4/6/1974,Single,F,4,seattle
267874,Aaron,Young,5/6/1974,Single,F,3,New_Jersey
273698,Isaiah,Scott,6/6/1974,Single,F,1,New_york
270924,Makayla,Ward,6/6/1974,Single,M,4,seattle
274929,Cedric,Gao,7/6/1974,Single,F,8,Kansas_City
266934,Luke,Diaz,7/6/1974,Married,F,4,seattle
273490,Arianna,Richardson,7/6/1974,Married,M,4,seattle
274013,Ian,Ward,8/6/1974,Married,F,4,seattle
274028,Madeline,Collins,11/6/1974,Married,F,8,Kansas_City
269142,Chloe,Nelson,14-06-1974,Married,F,7,Detroit
274250,Jason,Jenkins,20-06-1974,Married,M,2,Dallas
268069,Andrew,Wedge,20-06-1974,Single,M,4,seattle
270598,Bryce,Brooks,21-06-1974,Married,M,1,New_york
274153,Edward,Long,22-06-1974,Married,M,4,seattle
266957,Xavier,Martinez,22-06-1974,Married,M,3,New_Jersey
272043,John,White,22-06-1974,Single,F,4,seattle
273326,Isaiah,Collins,26-06-1974,Married,F,2,Dallas
274572,Wyatt,Powell,28-06-1974,Married,M,2,Dallas
270582,Aaron,Bryant,1/7/1974,Single,M,5,Anaheim
273051,Maria,Jenkins,3/7/1974,Single,M,8,Kansas_City
272484,Garrett,Kelly,4/7/1974,Married,F,4,seattle
268778,Luke,Ross,5/7/1974,Married,F,10,Milwaukee
267549,Robert,Robinson,7/7/1974,Married,M,2,Dallas
272105,Tristan,Ross,10/7/1974,Married,F,7,Detroit
268847,Thomas,Rodriguez,12/7/1974,Married,F,7,Detroit
273199,Megan,Jenkins,13-07-1974,Single,M,2,Dallas
267289,Cameron,Griffin,16-07-1974,Single,F,5,Anaheim
271346,Chloe,Washington,17-07-1974,Married,M,4,seattle
271201,Nicole,Sandberg,17-07-1974,Single,F,3,New_Jersey
270554,Jose,Edwards,19-07-1974,Married,F,2,Dallas
274054,Nathaniel,Cooper,20-07-1974,Married,M,3,New_Jersey
267752,Grace,Sanchez,20-07-1974,Single,F,1,New_york
268869,Kaitlyn,Perez,22-07-1974,Single,M,3,New_Jersey
271813,Lauren,Sanchez,24-07-1974,Married,F,5,Anaheim
270092,Kayla,Alexander,26-07-1974,Married,F,9,California
273690,Aidan,Perry,26-07-1974,Married,F,9,California
268878,Tyler,Rodriguez,28-07-1974,Married,M,7,Detroit
272343,Emily,Clark,28-07-1974,Single,F,1,New_york
272324,Sean,Cook,2/8/1974,Single,M,10,Milwaukee
271314,Lauren,Thompson,4/8/1974,Single,M,1,New_york
274552,Nathaniel,Richardson,4/8/1974,Married,F,3,New_Jersey
274358,Savannah,Carter,5/8/1974,Married,M,4,seattle
274772,Eddie,Munoz,5/8/1974,Married,M,10,Milwaukee
270694,Austin,White,6/8/1974,Married,F,3,New_Jersey
267927,Levi,Chandra,7/8/1974,Married,M,9,California
270186,Bailey,Bailey,8/8/1974,Married,M,10,Milwaukee
271350,Austin,Griffin,10/8/1974,Married,F,2,Dallas
271878,Caitlin,Brooks,11/8/1974,Married,F,10,Milwaukee
268704,Sean,Allen,11/8/1974,Single,F,3,New_Jersey
271009,Grace,Clark,13-08-1974,Single,F,2,Dallas
269910,Sydney,Hall,13-08-1974,Single,F,5,Anaheim
266896,Jon,Sun,14-08-1974,Single,F,1,New_york
268895,Logan,Patterson,16-08-1974,Single,M,4,seattle
267124,Devin,Simmons,21-08-1974,Married,M,2,Dallas
268286,Chloe,White,23-08-1974,Married,M,5,Anaheim
269299,Mariah,Ross,24-08-1974,Married,F,6,Chicago
270160,Abigail,Foster,27-08-1974,Single,F,7,Detroit
274597,Isaiah,Baker,28-08-1974,Married,F,4,seattle
273600,Nathan,Gonzales,28-08-1974,Married,M,10,Milwaukee
268692,James,Walker,28-08-1974,Married,M,1,New_york
268852,Morgan,Foster,1/9/1974,Single,F,6,Chicago
274482,Bianca,Guo,1/9/1974,Married,M,4,seattle
269283,Jacqueline,Gonzales,1/9/1974,Married,F,3,New_Jersey
270812,Arianna,Henderson,2/9/1974,Married,M,2,Dallas
271740,Nathan,Hughes,3/9/1974,Married,M,5,Anaheim
268364,Charles,Richardson,4/9/1974,Married,M,9,California
270269,Chloe,Richardson,4/9/1974,Single,F,8,Kansas_City
269843,Amanda,Gray,5/9/1974,Single,F,8,Kansas_City
275120,Cameron,Yang,5/9/1974,Married,M,1,New_york
271668,Miguel,Sanchez,6/9/1974,Married,F,8,Kansas_City
274145,Keith,Raje,8/9/1974,Married,F,3,New_Jersey
268136,Xavier,Simmons,13-09-1974,Married,M,1,New_york
268682,Logan,Wilson,17-09-1974,Single,M,8,Kansas_City
271928,Destiny,Coleman,19-09-1974,Married,F,9,California
270425,Wesley,Liang,21-09-1974,Married,M,9,California
271313,Brandi,Gill,23-09-1974,Single,F,2,Dallas
274018,Diana,Ortega,29-09-1974,Married,F,8,Kansas_City
268743,Tammy,Raman,4/10/1974,Married,M,7,Detroit
271210,Grace,Davis,4/10/1974,Married,M,9,California
269401,Kristy,Munoz,6/10/1974,Married,F,9,California
268289,Wendy,Alvarez,10/10/1974,Married,F,4,seattle
273610,Suzanne,Zhou,12/10/1974,Single,F,5,Anaheim
273721,Randall,Dominguez,13-10-1974,Married,M,9,California
274283,Kaitlyn,Henderson,13-10-1974,Married,M,2,Dallas
270734,Colleen,Xie,14-10-1974,Married,F,5,Anaheim
272546,Hector,Alonso,14-10-1974,Married,F,3,New_Jersey
274870,Fernando,Taylor,14-10-1974,Married,M,10,Milwaukee
271568,Blake,Turner,16-10-1974,Married,F,3,New_Jersey
272135,Jack,Green,19-10-1974,Married,F,5,Anaheim
268501,Colin,Jai,19-10-1974,Married,M,5,Anaheim
269868,Franklin,Yang,21-10-1974,Married,M,10,Milwaukee
270462,Oscar,Russell,22-10-1974,Single,F,4,seattle
272803,Kaitlyn,Lee,23-10-1974,Single,M,7,Detroit
270335,Gabriella,Torres,24-10-1974,Single,M,4,seattle
266945,Logan,Turner,25-10-1974,Married,M,2,Dallas
270313,Kelly,Jenkins,26-10-1974,Married,M,8,Kansas_City
268095,Brandon,Butler,26-10-1974,Married,M,4,seattle
270470,Xavier,Thomas,27-10-1974,Single,M,9,California
267702,Taylor,Patterson,29-10-1974,Married,F,6,Chicago
272837,Gabrielle,Morris,5/11/1974,Single,F,9,California
275000,Bailey,Scott,5/11/1974,Married,F,6,Chicago
270302,Logan,Wang,9/11/1974,Married,F,9,California
274766,Steven,Kelly,11/11/1974,Married,M,6,Chicago
273758,Adrian,Ramirez,11/11/1974,Married,F,9,California
273875,Kaitlyn,Bailey,13-11-1974,Single,F,8,Kansas_City
272595,Hailey,Adams,13-11-1974,Single,M,5,Anaheim
270593,Gabriella,Lopez,14-11-1974,Single,M,8,Kansas_City
266838,Bonnie,Raji,14-11-1974,Married,M,4,seattle
266816,William,White,15-11-1974,Married,M,6,Chicago
270517,Kyle,Phillips,15-11-1974,Married,F,2,Dallas
267990,Kaitlyn,Scott,18-11-1974,Married,F,10,Milwaukee
272348,Jaclyn,Zhang,18-11-1974,Single,F,10,Milwaukee
267840,Alexandria,Rogers,18-11-1974,Married,F,5,Anaheim
273621,Luke,Mitchell,20-11-1974,Single,F,7,Detroit
273791,Aaron,Wang,21-11-1974,Single,F,8,Kansas_City
267693,Noah,Butler,22-11-1974,Married,F,8,Kansas_City
270881,Caleb,Flores,22-11-1974,Married,M,6,Chicago
270034,Jared,Rogers,22-11-1974,Married,M,7,Detroit
274239,Sebastian,Stewart,27-11-1974,Single,M,7,Detroit
268153,Hunter,Jackson,27-11-1974,Married,F,1,New_york
269914,Abigail,Howard,28-11-1974,Single,M,2,Dallas
270799,Sara,Reed,28-11-1974,Married,M,10,Milwaukee
270448,Alyssa,Cooper,29-11-1974,Single,M,8,Kansas_City
272461,Eduardo,Alexander,1/12/1974,Single,F,1,New_york
271474,Dalton,Edwards,2/12/1974,Married,M,8,Kansas_City
270340,Charles,Phillips,3/12/1974,Married,M,8,Kansas_City
269924,Luke,Powell,4/12/1974,Single,M,5,Anaheim
272356,Cody,James,4/12/1974,Single,F,4,seattle
273881,Kevin,Campbell,7/12/1974,Single,F,7,Detroit
273347,Ethan,Shan,10/12/1974,Married,F,8,Kansas_City
271139,Alexis,Jones,11/12/1974,Single,M,2,Dallas
270541,Holly,Mehta,11/12/1974,Single,M,4,seattle
272479,Katelyn,Sanders,12/12/1974,Married,F,3,New_Jersey
273287,Erin,Torres,13-12-1974,Married,M,9,California
267853,Emily,Robinson,18-12-1974,Married,F,7,Detroit
273906,Isaiah,Perez,18-12-1974,Married,M,1,New_york
274848,Kaitlyn,Patterson,18-12-1974,Single,F,8,Kansas_City
272573,Bryant,Srini,20-12-1974,Single,M,8,Kansas_City
274668,Ruben,Subram,23-12-1974,Married,F,9,California
272929,Ashley,Thomas,24-12-1974,Single,M,6,Chicago
274264,Sophia,Wright,25-12-1974,Married,M,7,Detroit
267020,Justin,Gonzales,26-12-1974,Single,F,8,Kansas_City
268942,Melissa,Washington,26-12-1974,Married,F,8,Kansas_City
267724,Jocelyn,Hayes,28-12-1974,Single,M,10,Milwaukee
271236,Caleb,Simmons,29-12-1974,Single,F,8,Kansas_City
268589,Destiny,Foster,2/1/1975,Single,M,6,Chicago
268582,Erin,Morris,3/1/1975,Single,M,1,New_york
272950,Alexis,Miller,4/1/1975,Single,F,10,Milwaukee
270207,Adam,Hernandez,5/1/1975,Married,F,3,New_Jersey
272791,Noah,Scott,7/1/1975,Married,F,10,Milwaukee
272919,Christina,Richardson,12/1/1975,Single,M,7,Detroit
273389,Rafael,Sharma,13-01-1975,Married,F,6,Chicago
273770,Mindy,Yuan,15-01-1975,Married,F,4,seattle
268819,Xavier,Ross,17-01-1975,Married,M,7,Detroit
273438,Zachary,Hughes,17-01-1975,Married,M,10,Milwaukee
269652,Bradley,Jai,18-01-1975,Married,M,10,Milwaukee
273878,Madison,Long,19-01-1975,Single,M,3,New_Jersey
274014,Sierra,Parker,24-01-1975,Married,M,10,Milwaukee
274765,Samuel,Hill,29-01-1975,Single,M,6,Chicago
268390,Dominique,Sanchez,1/2/1975,Married,M,5,Anaheim
272375,Mindy,Jai,1/2/1975,Married,M,2,Dallas
272812,Alan,He,2/2/1975,Married,F,8,Kansas_City
271500,Victor,Romero,3/2/1975,Married,F,9,California
269411,Shawna,Xie,3/2/1975,Married,F,1,New_york
270338,Alejandro,Lal,4/2/1975,Married,M,8,Kansas_City
270722,Julie,Raje,6/2/1975,Married,F,1,New_york
269266,Karla,She,8/2/1975,Married,F,9,California
267784,Gerald,Rodriguez,9/2/1975,Married,F,3,New_Jersey
268332,Kyle,Roberts,10/2/1975,Married,F,9,California
268898,Mitchell,Xu,11/2/1975,Married,F,4,seattle
272328,Kurt,Nara,11/2/1975,Married,F,10,Milwaukee
274537,Virginia,Sara,12/2/1975,Married,F,1,New_york
270327,Brandi,Ruiz,12/2/1975,Married,M,1,New_york
273975,Jenny,Xu,14-02-1975,Married,F,1,New_york
273739,Felicia,Vazquez,16-02-1975,Married,F,9,California
268492,Tristan,Henderson,17-02-1975,Married,M,1,New_york
270037,Kathleen,Ortega,17-02-1975,Married,F,1,New_york
269122,Faith,Ward,20-02-1975,Married,M,1,New_york
271249,Kelsey,Raje,22-02-1975,Married,M,9,California
267170,Mayra,Martinez,24-02-1975,Married,F,2,Dallas
267527,Kari,Gomez,25-02-1975,Married,M,6,Chicago
267282,Wesley,Zheng,26-02-1975,Married,F,1,New_york
271287,Isabelle,Patterson,27-02-1975,Single,M,4,seattle
270718,Sean,Hernandez,27-02-1975,Single,M,5,Anaheim
271468,Jerry,Yuan,27-02-1975,Married,M,8,Kansas_City
273616,Clarence,Zeng,2/3/1975,Married,M,2,Dallas
273238,Donna,Rai,3/3/1975,Married,M,4,seattle
268712,Kendra,Gill,3/3/1975,Married,F,6,Chicago
274411,Ruth,Madan,4/3/1975,Married,F,9,California
270967,Monica,Raman,7/3/1975,Married,F,5,Anaheim
270031,Alberto,Ramos,8/3/1975,Married,F,8,Kansas_City
270872,Clayton,Sharma,10/3/1975,Single,M,1,New_york
269674,Kristine,Sandberg,17-03-1975,Single,F,10,Milwaukee
272590,Gilbert,Liang,23-03-1975,Single,M,5,Anaheim
273597,Kristy,Rubio,24-03-1975,Single,F,4,seattle
270766,Amy,Huang,24-03-1975,Married,M,1,New_york
271076,Francisco,Gonzalez,26-03-1975,Single,M,6,Chicago
270802,Shawn,Luo,27-03-1975,Married,F,4,seattle
269755,Brandy,Raman,29-03-1975,Single,M,2,Dallas
270617,Devin,Taylor,6/4/1975,Single,M,5,Anaheim
269727,Jessie,Cai,6/4/1975,Married,F,9,California
271760,Andrea,Collins,6/4/1975,Single,M,9,California
273215,Troy,Suri,7/4/1975,Married,M,4,seattle
270309,Omar,Liu,9/4/1975,Married,M,3,New_Jersey
272760,Jenny,Sun,11/4/1975,Single,F,8,Kansas_City
269981,Calvin,Deng,14-04-1975,Single,F,5,Anaheim
273354,Robyn,Alvarez,15-04-1975,Single,M,2,Dallas
267912,Wendy,Ramos,17-04-1975,Married,F,2,Dallas
275086,Ross,Ruiz,17-04-1975,Married,M,10,Milwaukee
274692,Jamie,Li,19-04-1975,Married,M,3,New_Jersey
268495,Cindy,Madan,23-04-1975,Married,M,9,California
268397,Melinda,Romero,24-04-1975,Married,F,9,California
270920,Kaitlin,Sanchez,25-04-1975,Married,M,3,New_Jersey
275053,Morgan,Sanchez,25-04-1975,Married,F,7,Detroit
275010,Emmanuel,Garcia,27-04-1975,Single,M,8,Kansas_City
270960,Bruce,Ashe,28-04-1975,Single,F,4,seattle
268079,Alan,Guo,2/5/1975,Single,M,8,Kansas_City
273186,Tiffany,Lin,3/5/1975,Married,F,7,Detroit
271483,Clifford,Garcia,4/5/1975,Single,F,2,Dallas
270970,Edwin,Shan,4/5/1975,Married,M,4,seattle
271748,Warren,Zheng,5/5/1975,Married,F,4,seattle
273660,Ebony,Ramos,5/5/1975,Single,M,10,Milwaukee
268261,Tyrone,Hernandez,6/5/1975,Married,F,3,New_Jersey
270090,Justin,Alexander,7/5/1975,Married,M,6,Chicago
270502,Nelson,Carlson,7/5/1975,Married,F,8,Kansas_City
272045,Javier,Torres,7/5/1975,Single,M,10,Milwaukee
269366,Adriana,Madan,7/5/1975,Single,F,3,New_Jersey
274152,Alisha,Shan,8/5/1975,Married,M,2,Dallas
271154,Beth,Ortega,8/5/1975,Single,M,3,New_Jersey
272002,Meredith,Johnsen,10/5/1975,Single,M,7,Detroit
271040,Mathew,Suarez,11/5/1975,Married,M,10,Milwaukee
273612,Theresa,Alvarez,11/5/1975,Married,F,5,Anaheim
268603,Janelle,Sanchez,11/5/1975,Married,M,7,Detroit
273693,Nicolas,Tang,12/5/1975,Single,F,8,Kansas_City
272256,Todd,Zeng,13-05-1975,Single,F,4,seattle
267697,Cristina,Beck,13-05-1975,Married,M,6,Chicago
270392,Bethany,Chande,13-05-1975,Single,M,1,New_york
272187,Nathan,Jenkins,14-05-1975,Single,M,10,Milwaukee
268663,Andre,Arun,17-05-1975,Single,F,8,Kansas_City
274208,Sara,Brooks,18-05-1975,Married,F,1,New_york
270951,Joseph,Taylor,18-05-1975,Single,M,8,Kansas_City
272806,Kaylee,Morris,20-05-1975,Single,F,10,Milwaukee
269513,Johnathan,Suri,20-05-1975,Single,M,7,Detroit
274678,Nicolas,Kumar,20-05-1975,Married,F,9,California
268044,Tammy,Garcia,20-05-1975,Married,F,10,Milwaukee
268646,Shane,Kovar,22-05-1975,Married,F,9,California
273077,Dwayne,Gomez,28-05-1975,Single,F,5,Anaheim
266897,Francisco,Sara,29-05-1975,Married,F,4,seattle
270798,Felicia,Blanco,1/6/1975,Single,M,8,Kansas_City
269808,Crystal,Zeng,1/6/1975,Single,M,9,California
271073,Walter,Serrano,2/6/1975,Married,M,8,Kansas_City
273726,Adriana,Gonzalez,4/6/1975,Single,F,1,New_york
275114,Nichole,Nara,6/6/1975,Single,M,9,California
274423,Kevin,Coleman,6/6/1975,Married,M,5,Anaheim
271615,Kristi,Alvarez,6/6/1975,Married,F,10,Milwaukee
273166,Alejandro,Zhou,7/6/1975,Single,M,4,seattle
270962,Xavier,Bailey,8/6/1975,Married,F,3,New_Jersey
268485,Logan,Parker,8/6/1975,Married,M,2,Dallas
272842,Brad,She,8/6/1975,Married,M,9,California
268426,Margaret,He,10/6/1975,Married,M,2,Dallas
273360,Omar,Raje,11/6/1975,Single,M,6,Chicago
269002,Stacy,Munoz,11/6/1975,Single,M,10,Milwaukee
270311,Stanley,Weber,14-06-1975,Single,M,5,Anaheim
272120,Jake,Zhao,14-06-1975,Married,F,6,Chicago
267148,Jaime,Chande,15-06-1975,Single,F,7,Detroit
273860,Jill,Suarez,15-06-1975,Married,F,4,seattle
274736,Ann,Rodriguez,18-06-1975,Married,M,7,Detroit
269869,Alejandro,Luo,19-06-1975,Married,M,4,seattle
272180,Carl,She,20-06-1975,Married,F,3,New_Jersey
271589,Kristina,Schmidt,21-06-1975,Married,F,7,Detroit
274313,Shannon,Ye,22-06-1975,Married,M,1,New_york
268815,Cheryl,Alvarez,26-06-1975,Single,M,3,New_Jersey
271673,Rosa,Hu,26-06-1975,Married,F,7,Detroit
266952,Kari,Mehta,26-06-1975,Married,M,1,New_york
267390,Lawrence,Alonso,27-06-1975,Married,F,2,Dallas
272049,Dale,Lal,28-06-1975,Single,F,6,Chicago
267281,Gloria,Martin,1/7/1975,Married,F,7,Detroit
274896,Glenn,Zhou,1/7/1975,Single,M,4,seattle
271620,Edwin,Liang,3/7/1975,Single,M,9,California
266916,Eugene,Zhao,4/7/1975,Single,M,10,Milwaukee
267719,Bonnie,Shan,4/7/1975,Single,M,5,Anaheim
273043,Preston,Raman,6/7/1975,Married,F,5,Anaheim
274307,Meagan,Chandra,8/7/1975,Single,F,1,New_york
274320,Andres,Nara,9/7/1975,Married,M,4,seattle
273633,Terrance,Rodriguez,9/7/1975,Married,M,1,New_york
269232,Roy,Jimenez,10/7/1975,Married,F,1,New_york
269969,Francisco,Ashe,11/7/1975,Single,F,1,New_york
269500,Wyatt,Price,11/7/1975,Single,M,10,Milwaukee
274784,Dustin,Goldstein,12/7/1975,Single,M,9,California
269447,Monica,Vance,14-07-1975,Single,F,9,California
267902,Clayton,Jai,17-07-1975,Single,M,4,seattle
267375,Stacy,Diaz,17-07-1975,Single,M,6,Chicago
270182,Katie,Kumar,17-07-1975,Married,M,1,New_york
274016,Morgan,Young,17-07-1975,Married,F,8,Kansas_City
268935,Gloria,Ruiz,18-07-1975,Married,F,1,New_york
271655,Dominique,Perez,18-07-1975,Single,F,1,New_york
269708,Alison,Raje,21-07-1975,Single,F,6,Chicago
271467,Wesley,Gao,22-07-1975,Single,F,7,Detroit
273127,Summer,Madan,24-07-1975,Married,M,9,California
271418,Jimmy,Vazquez,27-07-1975,Married,M,1,New_york
269051,Lacey,Yuan,28-07-1975,Single,M,2,Dallas
273528,Logan,Hernandez,1/8/1975,Married,F,9,California
269618,Cara,Zhang,1/8/1975,Married,F,1,New_york
271683,Ramon,Zhang,1/8/1975,Married,M,2,Dallas
273462,Joe,Ramos,1/8/1975,Married,F,3,New_Jersey
272221,Lance,Ortega,1/8/1975,Married,M,6,Chicago
271096,Monique,Ortega,3/8/1975,Single,M,2,Dallas
270494,Julia,Wood,4/8/1975,Single,F,10,Milwaukee
272998,Susan,Lu,5/8/1975,Single,M,1,New_york
267551,Lacey,Raje,8/8/1975,Married,M,6,Chicago
268177,Veronica,Raman,8/8/1975,Married,F,4,seattle
272541,Mario,Goel,13-08-1975,Single,M,6,Chicago
269196,Dana,Diaz,15-08-1975,Married,M,8,Kansas_City
273805,Thomas,Harrison,16-08-1975,Single,M,10,Milwaukee
271325,Kayla,Thompson,18-08-1975,Married,M,2,Dallas
274492,Erin,Rogers,21-08-1975,Married,M,9,California
273484,Alex,Evans,23-08-1975,Married,M,3,New_Jersey
269527,Stephanie,Cox,24-08-1975,Married,M,9,California
271901,Trinity,Townsend,24-08-1975,Single,M,10,Milwaukee
272436,Rodney,Rubio,24-08-1975,Single,F,2,Dallas
272305,Terrence,Lal,25-08-1975,Single,F,10,Milwaukee
268906,Preston,Perez,25-08-1975,Married,M,9,California
269184,Stefanie,Subram,27-08-1975,Single,F,4,seattle
269783,Darren,Prasad,27-08-1975,Single,F,7,Detroit
273084,Isaac,Gray,27-08-1975,Single,M,4,seattle
271053,Marie,Kapoor,28-08-1975,Single,M,5,Anaheim
267345,Jarrod,Raman,2/9/1975,Single,F,6,Chicago
267378,Holly,Perez,3/9/1975,Single,M,3,New_Jersey
269307,Christopher,Miller,3/9/1975,Single,M,1,New_york
273247,Brianna,Sanchez,4/9/1975,Single,M,4,seattle
271654,Bridget,Chande,6/9/1975,Single,F,8,Kansas_City
272907,Omar,Yuan,6/9/1975,Single,F,2,Dallas
270477,Johnny,Lal,7/9/1975,Married,M,6,Chicago
275102,Tamara,Chen,8/9/1975,Single,F,3,New_Jersey
268494,Albert,Gomez,8/9/1975,Single,F,2,Dallas
273692,Jacquelyn,Gutierrez,10/9/1975,Married,F,9,California
268126,Tara,Raji,12/9/1975,Married,F,2,Dallas
270178,Katherine,Perry,17-09-1975,Single,M,10,Milwaukee
272172,Meredith,Vazquez,17-09-1975,Single,M,10,Milwaukee
271397,Casey,Kumar,18-09-1975,Single,F,9,California
275125,Albert,Jim├®nez,19-09-1975,Single,F,3,New_Jersey
268522,Denise,Martinez,19-09-1975,Single,M,6,Chicago
272939,Olivia,Kelly,20-09-1975,Single,M,5,Anaheim
272415,Nichole,Nath,22-09-1975,Single,F,6,Chicago
267366,Brenda,Sai,23-09-1975,Single,M,4,seattle
273896,Erika,Serrano,24-09-1975,Single,M,6,Chicago
269439,Kyle,Carter,26-09-1975,Single,F,9,California
267296,Susan,Yang,26-09-1975,Single,M,4,seattle
270666,Shaun,Chapman,2/10/1975,Single,F,2,Dallas
272796,Ashley,Clark,2/10/1975,Single,M,3,New_Jersey
272277,Henry,Chapman,4/10/1975,Single,M,2,Dallas
271375,Andy,Martin,4/10/1975,Single,M,10,Milwaukee
273649,Kimberly,Rivera,5/10/1975,Single,M,5,Anaheim
269721,Albert,Moreno,6/10/1975,Single,F,8,Kansas_City
268787,Henry,Young,10/10/1975,Single,F,4,seattle
274246,Krystal,Liang,10/10/1975,Single,F,6,Chicago
270376,Cole,Sanchez,12/10/1975,Single,M,8,Kansas_City
268889,Ross,Gutierrez,14-10-1975,Single,M,10,Milwaukee
273224,Shawn,Raji,15-10-1975,Single,F,7,Detroit
270077,Jon,Lu,16-10-1975,Single,F,4,seattle
275096,Savannah,Hill,17-10-1975,Single,F,10,Milwaukee
269104,Mariah,Richardson,18-10-1975,Single,F,9,California
272626,Kevin,Alexander,19-10-1975,Single,M,2,Dallas
267524,Mackenzie,Wright,19-10-1975,Married,M,6,Chicago
274329,James,Gonzales,22-10-1975,Single,F,2,Dallas
269892,Ethan,Lal,23-10-1975,Single,F,3,New_Jersey
271268,Brianna,Richardson,23-10-1975,Single,F,4,seattle
274796,Veronica,Martinez,25-10-1975,Single,F,3,New_Jersey
272306,Alexis,Bryant,26-10-1975,Single,M,7,Detroit
273530,Robert,Hernandez,28-10-1975,Single,F,9,California
267104,Destiny,Bell,29-10-1975,Married,M,4,seattle
269786,Spencer,Hayes,29-10-1975,Married,F,9,California
268033,Cameron,Hughes,2/11/1975,Married,M,10,Milwaukee
266993,Hailey,Evans,3/11/1975,Married,F,2,Dallas
270975,Sarah,Thompson,3/11/1975,Single,F,2,Dallas
271920,Rebecca,Mitchell,4/11/1975,Married,F,8,Kansas_City
267113,Brandon,White,4/11/1975,Married,F,3,New_Jersey
269563,Cody,Cox,9/11/1975,Married,F,5,Anaheim
275054,Kimberly,Stewart,11/11/1975,Married,M,3,New_Jersey
270608,Sean,Morris,12/11/1975,Married,F,5,Anaheim
268468,Melvin,Black,12/11/1975,Married,M,5,Anaheim
270745,Kaitlyn,Thompson,12/11/1975,Married,F,5,Anaheim
275255,Wyatt,Thomas,13-11-1975,Married,F,4,seattle
269388,Nathan,Clark,14-11-1975,Married,M,3,New_Jersey
273908,Antonio,Price,16-11-1975,Married,M,10,Milwaukee
269774,Thomas,Kumar,16-11-1975,Married,M,6,Chicago
271680,Christy,Zhou,18-11-1975,Married,F,1,New_york
270682,Albert,Diaz,18-11-1975,Married,M,5,Anaheim
273937,Jeremy,Young,19-11-1975,Married,M,5,Anaheim
271565,Bailey,Rogers,22-11-1975,Single,M,8,Kansas_City
271363,Megan,Bennett,22-11-1975,Married,F,9,California
268800,Francisco,Chandra,23-11-1975,Married,M,6,Chicago
268584,Trevor,Simmons,24-11-1975,Married,F,7,Detroit
270294,Allison,Richardson,26-11-1975,Married,M,7,Detroit
267889,Garrett,James,27-11-1975,Married,F,4,seattle
271546,Mackenzie,Phillips,28-11-1975,Married,M,3,New_Jersey
273916,Cameron,Taylor,1/12/1975,Married,F,9,California
274740,Jasmine,Hall,1/12/1975,Married,M,10,Milwaukee
272756,Carson,Hayes,3/12/1975,Married,F,9,California
270835,Hailey,Cox,5/12/1975,Single,M,10,Milwaukee
273096,Dylan,Brown,5/12/1975,Single,F,5,Anaheim
274410,Cody,Cook,5/12/1975,Married,M,8,Kansas_City
267453,Anna,Simmons,5/12/1975,Single,M,6,Chicago
273891,Sean,Sanchez,6/12/1975,Married,M,5,Anaheim
270279,Madison,Bennett,7/12/1975,Single,F,3,New_Jersey
270632,Samuel,Griffin,8/12/1975,Married,F,9,California
271963,Benjamin,Lewis,8/12/1975,Married,F,1,New_york
271822,Thomas,Chen,9/12/1975,Married,M,9,California
274366,Misty,Rai,12/12/1975,Single,M,1,New_york
272822,Veronica,Sanchez,13-12-1975,Married,F,4,seattle
269336,Stefanie,Rodriguez,13-12-1975,Single,F,5,Anaheim
270337,Dominique,Malhotra,17-12-1975,Single,F,9,California
268078,Ruth,Suri,19-12-1975,Married,F,6,Chicago
271555,Levi,Suri,20-12-1975,Married,F,2,Dallas
273128,Todd,Huang,22-12-1975,Married,M,9,California
270445,Jared,Cook,23-12-1975,Single,M,2,Dallas
268884,Cassandra,Patel,24-12-1975,Married,M,10,Milwaukee
267712,Willie,He,25-12-1975,Married,M,2,Dallas
272596,Jennifer,Jones,25-12-1975,Single,M,5,Anaheim
270234,Wayne,Nath,26-12-1975,Married,M,1,New_york
272329,Shane,Srini,28-12-1975,Married,M,8,Kansas_City
272155,Barbara,He,28-12-1975,Married,M,6,Chicago
269639,Lacey,Zeng,2/1/1976,Married,M,4,seattle
267297,Jeffery,Zhang,4/1/1976,Married,M,2,Dallas
269149,Sergio,Sai,5/1/1976,Married,M,4,seattle
270709,Tammy,Chandra,5/1/1976,Married,M,7,Detroit
274034,Logan,Carter,6/1/1976,Single,F,8,Kansas_City
271947,Rodney,Jimenez,6/1/1976,Single,M,3,New_Jersey
271704,Robin,Gill,7/1/1976,Married,F,5,Anaheim
266805,Ruben,Mehta,7/1/1976,Single,F,8,Kansas_City
272915,Priscilla,Tang,12/1/1976,Married,F,7,Detroit
271087,Meredith,Alvarez,12/1/1976,Single,F,3,New_Jersey
274155,Victor,Diaz,13-01-1976,Single,M,9,California
269996,Jerome,Browning,16-01-1976,Single,M,7,Detroit
274681,Amanda,Perez,19-01-1976,Single,F,9,California
270005,Lori,Suarez,24-01-1976,Single,F,7,Detroit
269619,Veronica,Subram,29-01-1976,Single,M,6,Chicago
269550,Kristen,Ye,1/2/1976,Single,F,4,seattle
270627,Willie,Zhu,1/2/1976,Single,F,10,Milwaukee
269188,Jay,Garcia,4/2/1976,Single,F,2,Dallas
270536,Wayne,Rai,7/2/1976,Married,M,9,California
271062,Trisha,He,10/2/1976,Married,M,2,Dallas
272321,Alvin,Huang,10/2/1976,Married,M,5,Anaheim
271051,Brittany,Price,13-02-1976,Single,F,3,New_Jersey
272905,Dwayne,Vazquez,17-02-1976,Married,F,5,Anaheim
268579,Abby,Sandberg,20-02-1976,Married,F,8,Kansas_City
271250,Lucas,Miller,20-02-1976,Single,M,4,seattle
270368,Melanie,Cox,21-02-1976,Married,M,4,seattle
267745,Ashlee,Kumar,21-02-1976,Married,F,10,Milwaukee
273824,Eduardo,Diaz,25-02-1976,Married,F,10,Milwaukee
272284,Heather,Wang,25-02-1976,Single,F,5,Anaheim
267522,Kathleen,Vazquez,28-02-1976,Single,M,3,New_Jersey
273889,Cory,Sai,1/3/1976,Single,F,10,Milwaukee
272344,Darren,Sanchez,2/3/1976,Single,F,9,California
267941,Casey,Shen,3/3/1976,Single,M,2,Dallas
268110,Arthur,Gutierrez,6/3/1976,Married,M,2,Dallas
270125,Dalton,Martin,7/3/1976,Married,F,4,seattle
273027,Preston,Sanchez,9/3/1976,Married,M,7,Detroit
269076,Ian,Bell,9/3/1976,Married,F,4,seattle
271501,Nichole,Anand,10/3/1976,Married,F,8,Kansas_City
270931,Marc,Ferrier,11/3/1976,Married,M,3,New_Jersey
271145,Roberto,Sanz,15-03-1976,Married,M,8,Kansas_City
270755,Grant,Chander,16-03-1976,Single,F,5,Anaheim
268388,Carolyn,Gomez,17-03-1976,Married,M,8,Kansas_City
271424,Austin,Thompson,17-03-1976,Single,F,9,California
271173,Lacey,Becker,18-03-1976,Single,M,7,Detroit
275024,Shelby,Bailey,20-03-1976,Single,F,2,Dallas
268975,Shawna,Chander,21-03-1976,Single,F,6,Chicago
270741,Alexa,Watson,25-03-1976,Single,F,9,California
272642,Jacquelyn,Dominguez,29-03-1976,Single,F,5,Anaheim
271018,Casey,Gutierrez,3/4/1976,Single,M,6,Chicago
269498,Seth,Jackson,5/4/1976,Single,F,7,Detroit
273548,Meredith,Dominguez,12/4/1976,Single,M,7,Detroit
271098,Brandy,Sanchez,14-04-1976,Single,F,4,seattle
274437,Steve,Wagner,14-04-1976,Single,M,6,Chicago
269474,Kate,Shan,15-04-1976,Single,M,2,Dallas
273236,Chelsea,Rodriguez,17-04-1976,Married,F,3,New_Jersey
270418,Michele,Suarez,18-04-1976,Married,F,10,Milwaukee
273037,Jos├®,Rodriguez,18-04-1976,Married,F,7,Detroit
268302,Devin,Wilson,25-04-1976,Single,M,5,Anaheim
271747,Isaiah,Allen,26-04-1976,Married,F,3,New_Jersey
273928,Isabel,Coleman,27-04-1976,Single,M,1,New_york
271988,Autumn,Xu,28-04-1976,Single,F,2,Dallas
268958,Jose,Carter,2/5/1976,Married,F,5,Anaheim
270399,Luis,Washington,2/5/1976,Married,M,8,Kansas_City
267828,Katie,Shan,7/5/1976,Married,M,3,New_Jersey
266917,Clifford,Kapoor,7/5/1976,Single,F,8,Kansas_City
270020,Javier,Dominguez,8/5/1976,Married,M,9,California
268797,Terrence,Luo,9/5/1976,Married,F,8,Kansas_City
269773,Paula,Blanco,11/5/1976,Married,F,10,Milwaukee
266894,Marc,Dominguez,11/5/1976,Single,F,3,New_Jersey
270750,Levi,Sara,14-05-1976,Married,F,10,Milwaukee
272726,Jonathan,Zhang,14-05-1976,Married,M,4,seattle
272682,Preston,Patel,16-05-1976,Married,M,7,Detroit
272864,Ruben,Alvarez,17-05-1976,Married,M,6,Chicago
267662,Bruce,Jordan,19-05-1976,Married,F,8,Kansas_City
269677,Marc,Ruiz,20-05-1976,Married,M,5,Anaheim
274566,Clarence,Andersen,24-05-1976,Single,F,1,New_york
270937,Bradley,Nara,27-05-1976,Married,F,3,New_Jersey
271803,Alexandra,Collins,28-05-1976,Single,F,7,Detroit
272924,Donna,Xie,29-05-1976,Single,M,9,California
273239,Austin,Diaz,2/6/1976,Married,M,4,seattle
269476,Julio,Ramos,3/6/1976,Married,M,1,New_york
272593,Bruce,Torres,4/6/1976,Married,F,9,California
268947,Toni,Fernandez,5/6/1976,Married,F,10,Milwaukee
270505,Barry,Rodriguez,6/6/1976,Married,M,7,Detroit
267441,Edgar,Malhotra,8/6/1976,Married,M,10,Milwaukee
268752,Manuel,Kapoor,9/6/1976,Married,M,4,seattle
273172,Phillip,Lopez,9/6/1976,Married,F,5,Anaheim
267231,Amanda,Evans,10/6/1976,Married,F,1,New_york
269927,Emmanuel,Lopez,11/6/1976,Married,F,10,Milwaukee
270622,Mandy,Gao,13-06-1976,Married,F,5,Anaheim
274852,Trisha,Lin,15-06-1976,Single,F,4,seattle
274747,Kristina,Chandra,16-06-1976,Married,F,3,New_Jersey
272219,Alejandro,Lin,19-06-1976,Married,M,3,New_Jersey
271020,Marshall,Yang,20-06-1976,Married,M,8,Kansas_City
273092,Kendra,Gutierrez,22-06-1976,Married,F,6,Chicago
275020,Omar,Yang,23-06-1976,Married,M,2,Dallas
274970,Carmen,Arthur,23-06-1976,Married,F,8,Kansas_City
273213,Stacey,Ye,24-06-1976,Married,F,2,Dallas
275022,Kristin,Rai,25-06-1976,Married,F,2,Dallas
266829,Casey,Munoz,25-06-1976,Single,F,4,seattle
273486,Jennifer,Green,28-06-1976,Married,F,10,Milwaukee
270654,Alisha,Chander,29-06-1976,Single,F,1,New_york
269136,Grant,Rai,1/7/1976,Single,M,4,seattle
271275,Derek,Raje,1/7/1976,Single,M,8,Kansas_City
271131,Jaclyn,Shen,2/7/1976,Single,F,9,California
268995,Walter,Dominguez,4/7/1976,Single,M,1,New_york
272545,Francis,Sanz,7/7/1976,Single,M,6,Chicago
267970,Gavin,Perry,12/7/1976,Single,M,2,Dallas
268026,Lydia,Sanchez,14-07-1976,Single,F,5,Anaheim
267687,Cedric,She,17-07-1976,Single,M,7,Detroit
274954,Kristina,Fernandez,19-07-1976,Single,M,3,New_Jersey
271510,Carmen,Sara,20-07-1976,Single,M,1,New_york
274460,Tyrone,Ortega,20-07-1976,Single,M,1,New_york
267661,Brittney,Ma,20-07-1976,Single,M,8,Kansas_City
270360,Ian,Martinez,22-07-1976,Married,F,7,Detroit
268665,Kellie,Hernandez,26-07-1976,Single,M,8,Kansas_City
269392,Danny,Travers,2/8/1976,Single,M,2,Dallas
273845,Tracy,Chande,3/8/1976,Single,M,6,Chicago
266942,Ruben,Rodriguez,3/8/1976,Married,M,4,seattle
272145,Mario,Chander,9/8/1976,Single,F,9,California
273344,Meredith,Madan,9/8/1976,Married,F,9,California
274035,Amy,Li,9/8/1976,Married,M,9,California
268458,Benjamin,Zhang,10/8/1976,Single,M,1,New_york
271982,Sandra,Gao,10/8/1976,Married,M,8,Kansas_City
273760,Mathew,Blanco,11/8/1976,Single,M,9,California
274539,Armando,Romero,12/8/1976,Married,F,7,Detroit
267025,Franklin,Zhang,12/8/1976,Married,F,8,Kansas_City
268005,Alexandra,Bryant,13-08-1976,Married,F,4,seattle
269600,Jillian,Fernandez,14-08-1976,Married,F,5,Anaheim
272739,Larry,Romero,15-08-1976,Married,M,4,seattle
270590,Randy,Zhang,17-08-1976,Married,M,3,New_Jersey
271512,Francisco,Srini,17-08-1976,Married,F,5,Anaheim
269982,Cole,Reed,17-08-1976,Single,F,1,New_york
267985,Nathan,Lee,19-08-1976,Married,F,7,Detroit
269213,Carol,Cooper,20-08-1976,Married,M,3,New_Jersey
271932,Arthur,Van,20-08-1976,Married,F,6,Chicago
270735,Tamara,Zhu,20-08-1976,Married,M,6,Chicago
267597,Brett,Sanchez,22-08-1976,Married,M,10,Milwaukee
274558,Linda,Carlson,22-08-1976,Married,F,6,Chicago
271470,Wendy,Gutierrez,24-08-1976,Married,F,3,New_Jersey
271582,Manuel,Sara,24-08-1976,Single,M,6,Chicago
269826,Shannon,Torres,26-08-1976,Single,F,6,Chicago
269001,Joel,Prasad,28-08-1976,Married,M,1,New_york
269211,Lance,Gill,28-08-1976,Single,F,6,Chicago
271213,Nathan,Hill,28-08-1976,Single,M,4,seattle
267996,Kelsey,Tang,2/9/1976,Single,M,8,Kansas_City
270581,Jake,Ma,4/9/1976,Married,M,4,seattle
271762,Dawn,Lal,6/9/1976,Married,M,4,seattle
268068,Priscilla,Rai,8/9/1976,Married,F,9,California
271711,Maurice,Lal,8/9/1976,Married,M,1,New_york
270035,Barry,Martinez,11/9/1976,Married,M,3,New_Jersey
270565,Micheal,Rubio,14-09-1976,Married,M,1,New_york
270777,Jesse,Sanchez,15-09-1976,Married,F,5,Anaheim
272353,Jamie,Xu,16-09-1976,Married,M,6,Chicago
274116,Carly,Andersen,18-09-1976,Married,F,6,Chicago
274548,Cassie,Lal,20-09-1976,Married,F,9,California
268043,Leah,Zheng,20-09-1976,Single,F,10,Milwaukee
273935,Arturo,Ma,22-09-1976,Married,F,1,New_york
267398,Russell,Nara,22-09-1976,Single,M,4,seattle
266918,Kevin,Simmons,23-09-1976,Married,M,2,Dallas
272697,Clarence,Gao,23-09-1976,Single,M,5,Anaheim
270971,Bonnie,Nath,24-09-1976,Married,F,5,Anaheim
273107,Shannon,Suarez,24-09-1976,Married,F,5,Anaheim
271168,Derrick,Ruiz,25-09-1976,Married,M,4,seattle
272857,Brad,Beck,25-09-1976,Single,M,3,New_Jersey
273828,Tamer,Salah,29-09-1976,Married,M,3,New_Jersey
274394,Leonard,Nath,2/10/1976,Married,F,10,Milwaukee
272476,Sebastian,Brooks,6/10/1976,Married,F,7,Detroit
274477,Ruben,Lopez,7/10/1976,Single,F,7,Detroit
275030,Angel,Richardson,8/10/1976,Married,M,3,New_Jersey
273355,Willie,Raje,9/10/1976,Married,F,7,Detroit
269532,Jimmy,Carlson,9/10/1976,Married,F,9,California
268933,Kristina,Perez,10/10/1976,Married,F,10,Milwaukee
267844,Rachel,Reed,10/10/1976,Married,F,10,Milwaukee
271185,Audrey,Ruiz,12/10/1976,Married,F,5,Anaheim
274429,Kenneth,Xu,14-10-1976,Single,M,4,seattle
268961,Colleen,Anand,14-10-1976,Married,M,3,New_Jersey
268367,Lori,Dominguez,16-10-1976,Married,M,10,Milwaukee
269517,Omar,Goel,17-10-1976,Married,F,4,seattle
273473,Aaron,Wright,19-10-1976,Married,M,6,Chicago
272639,Martin,Malhotra,20-10-1976,Single,F,3,New_Jersey
274582,Carolyn,Martin,20-10-1976,Married,M,1,New_york
271386,Nichole,Andersen,21-10-1976,Married,M,10,Milwaukee
274066,Briana,Gill,26-10-1976,Married,M,8,Kansas_City
270447,Larry,Vazquez,27-10-1976,Married,F,10,Milwaukee
273444,Blake,Roberts,28-10-1976,Married,M,5,Anaheim
270984,Audrey,Blanco,28-10-1976,Married,F,2,Dallas
272896,Joy,Gomez,1/11/1976,Married,M,4,seattle
275184,Damien,Chande,1/11/1976,Married,M,5,Anaheim
273862,Toni,Sanchez,2/11/1976,Married,F,9,California
271541,Deborah,Pal,3/11/1976,Married,M,7,Detroit
270018,Jessie,Huang,3/11/1976,Married,M,6,Chicago
270844,Morgan,Adams,4/11/1976,Married,F,2,Dallas
275163,Krista,Gill,5/11/1976,Married,M,6,Chicago
271052,Joy,Suarez,6/11/1976,Married,F,9,California
274969,Jessie,Zhu,6/11/1976,Single,F,3,New_Jersey
269087,Maria,Wood,6/11/1976,Married,M,3,New_Jersey
274801,Melissa,Patterson,8/11/1976,Single,F,5,Anaheim
269932,Irving,Schmidt,9/11/1976,Single,F,8,Kansas_City
271695,Sarah,Martinez,11/11/1976,Single,F,6,Chicago
272096,Alan,Huang,12/11/1976,Single,F,10,Milwaukee
274484,Carson,Butler,13-11-1976,Single,F,9,California
269432,Colin,Stone,16-11-1976,Married,F,3,New_Jersey
271597,Jimmy,Travers,23-11-1976,Married,M,3,New_Jersey
272676,Holly,Fernandez,23-11-1976,Single,M,2,Dallas
272137,Michele,Madan,24-11-1976,Single,F,8,Kansas_City
267699,Cedric,Liu,24-11-1976,Married,F,5,Anaheim
272768,Dana,Serrano,26-11-1976,Single,F,2,Dallas
267419,Stacy,Gill,28-11-1976,Married,F,10,Milwaukee
275160,George,Sanchez,4/12/1976,Single,M,7,Detroit
269433,Christy,Chow,7/12/1976,Single,F,10,Milwaukee
274171,Kari,Subram,8/12/1976,Married,F,2,Dallas
273331,Laura,Zhou,8/12/1976,Single,F,5,Anaheim
274769,Shaun,Shen,10/12/1976,Married,F,3,New_Jersey
268523,Jaclyn,Xu,10/12/1976,Married,F,4,seattle
274519,Trisha,Zhou,10/12/1976,Single,F,1,New_york
273488,Marshall,Li,11/12/1976,Single,M,3,New_Jersey
271410,Stacy,Navarro,16-12-1976,Single,F,2,Dallas
269440,Tamara,Pal,17-12-1976,Single,F,5,Anaheim
271549,Roger,Zhang,22-12-1976,Married,M,4,seattle
268505,Rafael,Andersen,22-12-1976,Married,M,7,Detroit
273300,Glenn,Lu,24-12-1976,Single,F,3,New_Jersey
272362,Ruth,Gonzalez,25-12-1976,Married,M,8,Kansas_City
271787,Jay,Arthur,26-12-1976,Single,M,10,Milwaukee
268517,Kari,Ruiz,27-12-1976,Married,F,4,seattle
272520,Stacey,Hu,27-12-1976,Married,M,5,Anaheim
270257,Brenda,Stone,2/1/1977,Single,F,10,Milwaukee
272771,Mohamed,Pal,2/1/1977,Married,F,3,New_Jersey
273223,Amy,Chow,3/1/1977,Married,M,8,Kansas_City
268801,Mindy,Kumar,4/1/1977,Married,M,7,Detroit
267252,Gary,Gutierrez,4/1/1977,Married,F,10,Milwaukee
273313,Yolanda,Shan,4/1/1977,Married,M,10,Milwaukee
269771,Renee,Suarez,5/1/1977,Married,M,6,Chicago
272589,Barbara,Nara,7/1/1977,Married,F,8,Kansas_City
270546,Andre,Garcia,8/1/1977,Married,F,9,California
267322,Louis,Liang,10/1/1977,Married,M,10,Milwaukee
268513,Ian,Lewis,11/1/1977,Married,M,10,Milwaukee
270664,Bonnie,Pal,11/1/1977,Married,M,4,seattle
273877,Ian,Rodriguez,12/1/1977,Married,M,5,Anaheim
269893,Dalton,Evans,13-01-1977,Single,F,4,seattle
270100,Heather,Zheng,15-01-1977,Single,M,9,California
271617,Arthur,Romero,19-01-1977,Single,M,3,New_Jersey
268369,Deborah,Xie,20-01-1977,Single,M,3,New_Jersey
267740,Colleen,Lu,21-01-1977,Single,M,2,Dallas
270935,Eddie,Gill,25-01-1977,Married,M,6,Chicago
267924,Dale,Shen,26-01-1977,Single,F,1,New_york
272622,Hannah,Wood,27-01-1977,Married,F,4,seattle
269939,Tammy,Sai,27-01-1977,Single,M,10,Milwaukee
267633,Cheryl,Ruiz,29-01-1977,Single,M,6,Chicago
273091,Nicolas,Chande,3/2/1977,Single,M,6,Chicago
269913,Rebekah,Martinez,3/2/1977,Single,F,2,Dallas
268763,Latasha,Gomez,9/2/1977,Single,M,1,New_york
267884,Kurt,Jai,9/2/1977,Married,M,2,Dallas
266903,Eddie,Martin,10/2/1977,Single,M,10,Milwaukee
271694,Gabrielle,James,12/2/1977,Married,F,10,Milwaukee
269912,Kurt,Goel,18-02-1977,Single,M,2,Dallas
274787,Amanda,Ross,20-02-1977,Single,M,8,Kansas_City
270274,Jeremiah,Stewart,20-02-1977,Single,M,7,Detroit
266956,Jose,Perry,23-02-1977,Single,M,7,Detroit
272075,Karla,Becker,23-02-1977,Single,M,7,Detroit
271968,Steven,Murphy,5/3/1977,Single,M,10,Milwaukee
272569,Todd,Guo,7/3/1977,Single,M,4,seattle
275252,Lacey,Cai,9/3/1977,Single,M,6,Chicago
267339,Margaret,Zhou,10/3/1977,Single,F,9,California
274383,Donald,Mehta,10/3/1977,Single,M,8,Kansas_City
275031,Diana,Ruiz,11/3/1977,Single,M,1,New_york
272201,Brett,Chandra,13-03-1977,Single,F,3,New_Jersey
272019,Melinda,Rubio,14-03-1977,Married,M,2,Dallas
267814,Evan,Young,17-03-1977,Married,F,7,Detroit
272860,Kathryn,Goel,17-03-1977,Single,F,4,seattle
274876,Raymond,Sam,21-03-1977,Single,F,1,New_york
274812,Samantha,Martinez,21-03-1977,Single,M,10,Milwaukee
272853,Carl,Kumar,21-03-1977,Married,F,3,New_Jersey
268221,Anna,Moore,22-03-1977,Single,M,3,New_Jersey
273153,Rafael,Wu,22-03-1977,Single,F,2,Dallas
267595,Juan,Torres,23-03-1977,Single,F,7,Detroit
269547,Colleen,Hu,25-03-1977,Single,F,4,seattle
268054,Grace,Bell,26-03-1977,Single,M,8,Kansas_City
272794,Miguel,Lee,27-03-1977,Single,F,6,Chicago
274436,Teresa,Vazquez,29-03-1977,Single,M,5,Anaheim
271295,Priscilla,Xu,29-03-1977,Single,M,9,California
271099,Jonathon,Alvarez,1/4/1977,Single,F,9,California
268442,Ramon,Zhao,3/4/1977,Single,M,4,seattle
273850,Lindsey,Deng,3/4/1977,Married,M,5,Anaheim
268440,Chloe,Hughes,7/4/1977,Single,M,1,New_york
267938,Antonio,Butler,8/4/1977,Single,F,2,Dallas
268525,Sara,Ramirez,8/4/1977,Single,F,1,New_york
268189,Stephanie,Ramirez,9/4/1977,Married,M,7,Detroit
270733,Jada,Sanders,10/4/1977,Married,F,10,Milwaukee
272339,Krista,Gomez,11/4/1977,Single,F,1,New_york
267753,Alexandra,Richardson,11/4/1977,Single,F,5,Anaheim
271964,Jonathan,Smith,12/4/1977,Married,F,2,Dallas
272189,Chloe,Russell,13-04-1977,Married,M,9,California
274590,Alexandra,Harris,13-04-1977,Married,F,2,Dallas
271496,Robyn,Gill,17-04-1977,Married,M,5,Anaheim
268874,Jordyn,Bryant,18-04-1977,Married,M,5,Anaheim
274569,Christopher,Robinson,19-04-1977,Married,F,1,New_york
270957,Johnathan,Chapman,20-04-1977,Married,M,3,New_Jersey
269894,Thomas,Zhang,27-04-1977,Married,F,10,Milwaukee
274881,Charles,Evans,27-04-1977,Married,M,1,New_york
268894,Morgan,Thomas,27-04-1977,Married,M,4,seattle
267734,Abigail,Clark,28-04-1977,Married,F,4,seattle
273076,Samantha,Taylor,28-04-1977,Married,F,5,Anaheim
266888,Kristen,Gao,29-04-1977,Married,M,3,New_Jersey
269930,Connor,Griffin,29-04-1977,Married,M,10,Milwaukee
271634,Blake,Campbell,1/5/1977,Married,F,3,New_Jersey
267075,Joseph,Anderson,3/5/1977,Married,M,10,Milwaukee
269175,Connie,Morgan,6/5/1977,Married,F,2,Dallas
272103,Mason,Rogers,14-05-1977,Married,F,4,seattle
267464,Jeremy,Richardson,16-05-1977,Married,F,3,New_Jersey
275179,Emma,James,16-05-1977,Married,M,7,Detroit
274900,Elizabeth,Long,17-05-1977,Married,M,9,California
271495,Jerome,Gutierrez,17-05-1977,Married,M,7,Detroit
268625,Jonathan,Campbell,18-05-1977,Married,F,1,New_york
273608,Javier,Ortega,19-05-1977,Married,M,4,seattle
273909,James,Yang,20-05-1977,Married,M,2,Dallas
267189,Katelyn,Cook,23-05-1977,Single,M,1,New_york
274500,Amanda,Nelson,23-05-1977,Married,F,9,California
272539,Jamie,Zeng,23-05-1977,Married,F,7,Detroit
273586,Brandon,Kumar,26-05-1977,Single,M,1,New_york
274481,Angelica,Foster,26-05-1977,Single,M,4,seattle
272587,Blake,White,26-05-1977,Married,F,2,Dallas
269787,Jessie,Guo,27-05-1977,Married,M,4,seattle
269589,Megan,Jackson,27-05-1977,Single,M,1,New_york
274673,Antonio,Foster,27-05-1977,Married,F,10,Milwaukee
271769,Jason,Zhang,28-05-1977,Married,F,1,New_york
274968,Patrick,Howard,28-05-1977,Single,M,10,Milwaukee
273231,Andy,Gutierrez,1/6/1977,Married,M,7,Detroit
271218,George,Chandra,6/6/1977,Married,F,4,seattle
273683,Lacey,Chen,9/6/1977,Married,F,10,Milwaukee
269253,Melody,Browning,12/6/1977,Single,M,2,Dallas
267643,Alan,Sun,12/6/1977,Single,M,3,New_Jersey
271707,Heather,Li,13-06-1977,Married,M,3,New_Jersey
271936,Jaclyn,Chander,13-06-1977,Single,F,7,Detroit
273879,Marvin,Moreno,14-06-1977,Married,F,6,Chicago
273717,Ronnie,Zeng,15-06-1977,Married,F,2,Dallas
267244,Nina,Kumar,16-06-1977,Single,M,2,Dallas
273113,Marc,Schmidt,16-06-1977,Married,M,3,New_Jersey
268391,Michele,Navarro,16-06-1977,Married,F,6,Chicago
273029,Chase,Stewart,18-06-1977,Married,F,2,Dallas
268027,Marc,Serrano,19-06-1977,Single,M,4,seattle
271029,Brandi,Sanz,19-06-1977,Married,M,3,New_Jersey
271605,Reginald,Ramos,20-06-1977,Married,F,10,Milwaukee
271918,Casey,Sharma,21-06-1977,Single,M,2,Dallas
269106,Dominique,Mehta,23-06-1977,Married,M,3,New_Jersey
273852,Tammy,Mehta,23-06-1977,Single,F,7,Detroit
271380,Theodore,Suarez,25-06-1977,Single,F,7,Detroit
268145,Curtis,She,27-06-1977,Married,F,6,Chicago
273436,Nicolas,Chander,28-06-1977,Single,M,5,Anaheim
270607,Derek,Tang,3/7/1977,Single,F,6,Chicago
270753,Cesar,McDonald,3/7/1977,Married,M,5,Anaheim
274647,Alexandra,James,4/7/1977,Married,F,5,Anaheim
271425,Bethany,She,5/7/1977,Married,F,8,Kansas_City
267448,Kristopher,Subram,7/7/1977,Single,M,1,New_york
267256,Kelvin,Hu,9/7/1977,Married,F,8,Kansas_City
266986,Caleb,Gonzalez,11/7/1977,Single,F,6,Chicago
268022,Nicolas,Raje,11/7/1977,Single,M,2,Dallas
269009,Carol,Rubio,12/7/1977,Single,M,2,Dallas
270720,Micah,Li,13-07-1977,Single,M,9,California
267415,Russell,Raje,17-07-1977,Single,M,6,Chicago
274728,Kathryn,Lal,18-07-1977,Single,F,3,New_Jersey
267135,Douglas,Prasad,18-07-1977,Single,F,4,seattle
269223,Sheena,Goel,18-07-1977,Single,F,6,Chicago
273219,Kelsey,Xie,19-07-1977,Married,F,3,New_Jersey
274357,Karl,Yuan,21-07-1977,Single,F,10,Milwaukee
267107,Rodney,Munoz,27-07-1977,Single,M,1,New_york
272383,Nicole,Anderson,1/8/1977,Married,F,3,New_Jersey
269176,Ralph,Beck,1/8/1977,Married,F,2,Dallas
275041,Dominique,Fernandez,2/8/1977,Single,F,10,Milwaukee
268077,Naomi,Sanz,3/8/1977,Married,M,5,Anaheim
272597,Yolanda,Xie,3/8/1977,Single,F,1,New_york
273359,Kelvin,Becker,5/8/1977,Single,M,7,Detroit
275149,Summer,Smith,6/8/1977,Single,F,8,Kansas_City
269965,Gerald,Gonzalez,9/8/1977,Married,M,3,New_Jersey
271821,Angela,Torres,11/8/1977,Married,F,8,Kansas_City
272662,Bridget,Nara,13-08-1977,Single,M,7,Detroit
268449,Colin,Chander,14-08-1977,Married,M,2,Dallas
270076,Brittney,Lu,16-08-1977,Married,M,2,Dallas
275062,Adam,Baker,16-08-1977,Single,F,6,Chicago
268339,Johnny,Raji,21-08-1977,Single,M,2,Dallas
269588,Brandy,Sai,23-08-1977,Single,F,8,Kansas_City
268598,Teresa,Carlson,24-08-1977,Single,M,3,New_Jersey
273537,Evelyn,Malhotra,26-08-1977,Married,F,4,seattle
273105,Reginald,Romero,1/9/1977,Married,F,1,New_york
267208,Philip,Diaz,2/9/1977,Married,M,8,Kansas_City
271577,Rosa,Lin,3/9/1977,Married,M,5,Anaheim
268694,Raul,Kumar,9/9/1977,Married,F,2,Dallas
274935,Adriana,Mehta,9/9/1977,Single,F,3,New_Jersey
274701,Evelyn,Gonzalez,10/9/1977,Single,M,6,Chicago
267436,Jillian,Prasad,10/9/1977,Married,M,7,Detroit
269729,Robyn,Jimenez,11/9/1977,Married,M,2,Dallas
270623,Melinda,Ortega,11/9/1977,Single,M,3,New_Jersey
272699,Caleb,Zhang,11/9/1977,Single,M,4,seattle
268538,Michelle,Townsend,12/9/1977,Single,F,4,seattle
270530,Brandy,Martinez,16-09-1977,Married,M,9,California
269973,Janelle,Fernandez,16-09-1977,Single,F,8,Kansas_City
273451,Laura,Ye,16-09-1977,Single,M,3,New_Jersey
271593,Julie,Anand,18-09-1977,Single,M,1,New_york
268595,Alisha,Tang,19-09-1977,Married,M,4,seattle
271554,Tyrone,Munoz,21-09-1977,Single,F,7,Detroit
267437,Leah,Li,23-09-1977,Single,M,8,Kansas_City
270163,Olivia,Hughes,24-09-1977,Single,F,3,New_Jersey
270295,Mandar,Samant,26-09-1977,Single,F,9,California
272244,Kirk,Nason,27-09-1977,Single,M,10,Milwaukee
269328,Brianna,Ross,28-09-1977,Single,M,7,Detroit
271639,Blake,Robinson,29-09-1977,Married,F,1,New_york
269311,Alexander,Williams,1/10/1977,Married,F,2,Dallas
270290,Gilbert,Sun,6/10/1977,Married,F,10,Milwaukee
270141,Elijah,Nelson,9/10/1977,Married,F,3,New_Jersey
268403,Luis,Hayes,11/10/1977,Single,F,10,Milwaukee
269839,Isabella,Edwards,11/10/1977,Single,M,2,Dallas
269577,Eduardo,Allen,11/10/1977,Married,F,3,New_Jersey
271570,Stephanie,Bailey,12/10/1977,Single,F,1,New_york
272510,Megan,Williams,12/10/1977,Single,F,10,Milwaukee
273474,Jonathan,Anderson,12/10/1977,Married,F,1,New_york
272855,Jocelyn,Long,14-10-1977,Single,F,2,Dallas
275019,Brendan,Pal,14-10-1977,Married,F,5,Anaheim
275008,Melissa,Barnes,15-10-1977,Married,F,10,Milwaukee
267100,James,Adams,19-10-1977,Married,F,6,Chicago
271292,Steven,Thorpe,19-10-1977,Married,M,6,Chicago
271858,Kaylee,King,24-10-1977,Married,M,2,Dallas
270226,Brian,Peterson,27-10-1977,Married,M,5,Anaheim
267594,Brittany,Foster,28-10-1977,Married,F,8,Kansas_City
272862,Natalie,Walker,1/11/1977,Married,M,9,California
266827,Destiny,Anderson,4/11/1977,Married,F,7,Detroit
273547,Victoria,Wood,5/11/1977,Married,M,1,New_york
268166,Alyssa,Wilson,5/11/1977,Married,M,5,Anaheim
270405,Madeline,Campbell,5/11/1977,Married,M,10,Milwaukee
273761,Ana,Ross,6/11/1977,Married,F,4,seattle
274269,Carlos,Ward,9/11/1977,Married,M,8,Kansas_City
272719,Robert,Adams,10/11/1977,Married,M,4,seattle
273756,Julia,Stewart,11/11/1977,Single,M,2,Dallas
269610,John,Sandstone,11/11/1977,Single,M,2,Dallas
269055,Thomas,Jai,11/11/1977,Married,M,4,seattle
273945,Alexandra,Sanchez,12/11/1977,Married,M,10,Milwaukee
271889,Philip,Ramos,14-11-1977,Married,F,5,Anaheim
268527,Julia,Bryant,15-11-1977,Married,M,5,Anaheim
269860,Tyler,Clark,17-11-1977,Married,F,8,Kansas_City
268543,Kelsey,Shan,19-11-1977,Married,M,10,Milwaukee
272987,Robert,Brown,20-11-1977,Married,M,2,Dallas
269360,Sebastian,Rogers,20-11-1977,Single,F,6,Chicago
274599,Brianna,Morris,21-11-1977,Single,M,2,Dallas
270906,Benjamin,Moore,21-11-1977,Married,F,3,New_Jersey
270367,Jill,Miller,21-11-1977,Single,F,5,Anaheim
274121,Kaitlyn,Alexander,23-11-1977,Single,F,1,New_york
268938,Natalie,Ross,24-11-1977,Married,F,4,seattle
273917,Vanessa,Russell,24-11-1977,Married,M,8,Kansas_City
268006,Brooke,Murphy,25-11-1977,Married,F,8,Kansas_City
272509,Carlos,Hill,27-11-1977,Single,M,3,New_Jersey
272195,Kelly,Henderson,28-11-1977,Single,F,8,Kansas_City
274345,Wyatt,Lee,29-11-1977,Single,F,3,New_Jersey
270229,Jennifer,Sanders,1/12/1977,Single,M,9,California
275058,Fernando,Wright,3/12/1977,Single,M,7,Detroit
271514,Devon,Chande,6/12/1977,Married,M,7,Detroit
269420,Mackenzie,Blue,6/12/1977,Married,F,8,Kansas_City
271970,Sara,Murphy,6/12/1977,Married,M,3,New_Jersey
273872,Savannah,Sanchez,9/12/1977,Married,F,3,New_Jersey
274828,Carol,Wright,10/12/1977,Married,M,6,Chicago
273772,Vanessa,Bryant,12/12/1977,Married,F,3,New_Jersey
270498,Grace,Harris,13-12-1977,Married,F,10,Milwaukee
269596,Ann,Fernandez,16-12-1977,Single,F,5,Anaheim
269005,Tyler,Johnson,16-12-1977,Married,M,7,Detroit
269748,Jonathan,Hall,16-12-1977,Married,F,5,Anaheim
267478,Jason,Foster,16-12-1977,Single,F,1,New_york
272830,Robert,Hill,20-12-1977,Married,M,10,Milwaukee
274687,Renee,Moreno,22-12-1977,Single,F,1,New_york
271770,Megan,Wilson,24-12-1977,Single,F,9,California
267878,Edward,Parker,24-12-1977,Single,M,8,Kansas_City
274457,Eduardo,Parker,26-12-1977,Single,F,4,seattle
271253,Steven,Rogers,27-12-1977,Married,F,8,Kansas_City
272761,Maria,Morgan,28-12-1977,Single,F,8,Kansas_City
269607,Morgan,Harris,29-12-1977,Single,F,2,Dallas
270066,Caleb,Perez,1/1/1978,Single,F,2,Dallas
268438,Jose,Jai,2/1/1978,Married,F,1,New_york
271688,Jessica,Bailey,5/1/1978,Married,M,7,Detroit
273983,Seth,Allen,6/1/1978,Married,M,8,Kansas_City
270283,Isaiah,Sanchez,7/1/1978,Single,F,10,Milwaukee
269670,Adam,Kumar,7/1/1978,Married,M,3,New_Jersey
274211,Morgan,Rivera,11/1/1978,Single,F,4,seattle
274943,Mary,Adams,11/1/1978,Single,F,2,Dallas
270743,Blake,Simmons,12/1/1978,Single,F,3,New_Jersey
268880,Jennifer,Hughes,16-01-1978,Single,M,9,California
272632,Catherine,Cooper,16-01-1978,Single,M,8,Kansas_City
269587,Pedro,Diaz,18-01-1978,Married,F,5,Anaheim
271061,Theresa,Hernandez,18-01-1978,Single,M,9,California
267385,Marshall,Sun,19-01-1978,Single,M,7,Detroit
273035,Isabella,Lopez,20-01-1978,Single,M,5,Anaheim
270171,Jennifer,Campbell,21-01-1978,Single,F,3,New_Jersey
269438,Sydney,Carter,21-01-1978,Single,F,4,seattle
267117,Ashley,Lewis,21-01-1978,Single,F,7,Detroit
270389,Kimberly,Murphy,22-01-1978,Married,M,10,Milwaukee
268133,Jennifer,Edwards,23-01-1978,Married,M,3,New_Jersey
272395,Marcus,Anderson,23-01-1978,Married,M,4,seattle
269760,Xavier,Russell,23-01-1978,Married,M,7,Detroit
271730,Cody,Bell,25-01-1978,Married,M,6,Chicago
274069,Dennis,Zhu,27-01-1978,Married,M,6,Chicago
274365,Fernando,Rodriguez,28-01-1978,Married,F,2,Dallas
274703,Paige,Butler,29-01-1978,Married,M,2,Dallas
269710,Richard,Rodriguez,4/2/1978,Married,M,4,seattle
274609,Angela,Powell,4/2/1978,Single,F,5,Anaheim
267720,Carl,Nara,5/2/1978,Married,F,10,Milwaukee
268293,Carolyn,Suri,7/2/1978,Single,M,7,Detroit
274854,Adrian,Howard,7/2/1978,Single,M,1,New_york
271643,Marc,Gill,8/2/1978,Single,F,3,New_Jersey
271368,Marcus,Wilson,8/2/1978,Single,F,2,Dallas
268984,Hunter,Thompson,9/2/1978,Single,M,2,Dallas
274184,Destiny,Johnson,10/2/1978,Single,M,8,Kansas_City
269903,Danielle,James,11/2/1978,Married,M,2,Dallas
271852,Christina,Ward,11/2/1978,Married,M,3,New_Jersey
268065,Max,Moyer,14-02-1978,Married,F,3,New_Jersey
270443,Joe,Sanz,15-02-1978,Single,F,5,Anaheim
273740,Brittany,Patterson,15-02-1978,Married,F,5,Anaheim
273500,Gabriella,Carter,16-02-1978,Married,F,8,Kansas_City
274196,Adam,Young,17-02-1978,Married,M,2,Dallas
270353,Hailey,Roberts,19-02-1978,Married,F,10,Milwaukee
269535,Rachel,Garcia,19-02-1978,Married,M,3,New_Jersey
268701,Felicia,Moreno,22-02-1978,Married,M,5,Anaheim
271896,Barbara,Goel,24-02-1978,Single,M,9,California
267348,Carly,Goel,27-02-1978,Married,M,2,Dallas
267955,Leslie,Hernandez,28-02-1978,Single,M,9,California
270626,J├®sus,Serrano,28-02-1978,Married,F,6,Chicago
270817,Ernest,Zeng,28-02-1978,Married,M,3,New_Jersey
269847,Xavier,Henderson,2/3/1978,Married,F,1,New_york
268279,Anna,Martinez,6/3/1978,Single,M,3,New_Jersey
269482,Grant,Nara,6/3/1978,Married,F,3,New_Jersey
269148,Jaclyn,Liu,7/3/1978,Married,M,9,California
269100,Nina,Xie,9/3/1978,Married,F,7,Detroit
272843,Mayra,Mehta,10/3/1978,Single,M,4,seattle
270717,Nichole,Shen,12/3/1978,Single,M,10,Milwaukee
268049,Rafael,Raje,14-03-1978,Married,F,6,Chicago
274301,Clarence,Zhang,14-03-1978,Single,M,5,Anaheim
270638,Roger,Cai,17-03-1978,Married,F,5,Anaheim
273744,Jill,Hernandez,18-03-1978,Married,F,8,Kansas_City
271731,Randy,Chen,18-03-1978,Married,M,8,Kansas_City
273584,Desiree,Alvarez,18-03-1978,Married,M,10,Milwaukee
267542,Whitney,Rana,21-03-1978,Single,M,6,Chicago
274976,Brooke,Ward,25-03-1978,Single,M,7,Detroit
270398,Alberto,Mu├▒oz,26-03-1978,Married,M,10,Milwaukee
267084,Mindy,She,27-03-1978,Married,M,1,New_york
273075,Erica,Ye,5/4/1978,Married,M,8,Kansas_City
270126,Anne,Ortega,8/4/1978,Single,M,5,Anaheim
267648,Krystal,Hu,11/4/1978,Single,F,8,Kansas_City
274448,Vincent,Ye,13-04-1978,Married,M,10,Milwaukee
273302,James,Clark,14-04-1978,Married,F,8,Kansas_City
275072,Rebecca,Parker,15-04-1978,Single,F,1,New_york
268757,Antonio,Bryant,16-04-1978,Married,F,6,Chicago
266820,Xavier,Alexander,16-04-1978,Married,F,5,Anaheim
270258,Brendan,Xie,16-04-1978,Married,M,1,New_york
271669,Destiny,Murphy,16-04-1978,Single,M,2,Dallas
271400,Madalena,Sanchez,17-04-1978,Married,F,10,Milwaukee
270751,Kendra,Diaz,19-04-1978,Single,M,3,New_Jersey
267139,Rafael,Ma,20-04-1978,Married,M,7,Detroit
271910,Dominique,Raman,20-04-1978,Single,M,6,Chicago
269214,Marc,Moreno,21-04-1978,Married,F,9,California
272973,Reginald,Serrano,21-04-1978,Married,M,9,California
268260,Colleen,Zheng,21-04-1978,Single,F,5,Anaheim
269647,Jeremy,Patterson,22-04-1978,Single,M,6,Chicago
270886,Dalton,Thompson,22-04-1978,Single,M,6,Chicago
269407,Jennifer,Foster,25-04-1978,Single,F,1,New_york
273250,Sophia,Lopez,25-04-1978,Single,F,6,Chicago
267162,Hunter,Shan,26-04-1978,Single,F,2,Dallas
274105,Kevin,Baker,27-04-1978,Married,M,9,California
271742,Xavier,Gonzalez,27-04-1978,Single,M,5,Anaheim
270394,Kelsey,Yuan,28-04-1978,Single,F,9,California
268530,Kristy,Torres,29-04-1978,Married,F,1,New_york
270371,Virginia,Subram,2/5/1978,Single,M,10,Milwaukee
274144,Terrence,Pal,4/5/1978,Married,F,7,Detroit
272640,Wilson,Pais,4/5/1978,Married,F,4,seattle
269667,Trisha,Ma,6/5/1978,Single,F,8,Kansas_City
272020,Roy,Gonzalez,7/5/1978,Married,M,6,Chicago
267014,Cameron,Brown,8/5/1978,Married,M,2,Dallas
271540,Alison,Pal,11/5/1978,Married,F,5,Anaheim
269399,Brenda,Madan,12/5/1978,Married,F,6,Chicago
267129,Katrina,Jai,13-05-1978,Married,M,6,Chicago
272403,Anne,Gomez,14-05-1978,Married,F,4,seattle
268943,Jonathan,Rodriguez,16-05-1978,Married,M,4,seattle
272104,Rodney,Vazquez,16-05-1978,Married,M,4,seattle
273365,Alexis,Hayes,19-05-1978,Married,M,8,Kansas_City
272369,Autumn,Wang,19-05-1978,Married,F,6,Chicago
270030,Dennis,Zeng,21-05-1978,Married,M,8,Kansas_City
270152,Ethan,Jones,22-05-1978,Single,M,7,Detroit
273395,Jared,Morris,24-05-1978,Single,M,3,New_Jersey
273275,Vincent,Lu,26-05-1978,Single,F,4,seattle
270707,Bryce,Ward,26-05-1978,Married,F,8,Kansas_City
267759,Patrick,Gray,29-05-1978,Single,M,7,Detroit
270177,Morgan,Blue,29-05-1978,Single,F,10,Milwaukee
272660,Destiny,Powell,6/6/1978,Single,M,3,New_Jersey
272057,Ramon,Huang,7/6/1978,Married,M,5,Anaheim
273914,Keith,Deng,8/6/1978,Married,M,10,Milwaukee
274833,Eugene,Zhu,9/6/1978,Married,M,8,Kansas_City
273370,Ethan,Anderson,11/6/1978,Single,F,5,Anaheim
267343,Eduardo,Williams,12/6/1978,Single,M,9,California
274322,Jessica,Johnson,12/6/1978,Single,M,6,Chicago
267085,Dalton,Parker,13-06-1978,Single,M,1,New_york
268004,Morgan,Gonzalez,15-06-1978,Single,M,5,Anaheim
268225,Carson,Perry,16-06-1978,Single,M,6,Chicago
266891,Olivia,Garcia,20-06-1978,Single,F,6,Chicago
269586,Alexandria,Morris,21-06-1978,Single,M,9,California
271444,Adam,Green,23-06-1978,Married,F,6,Chicago
267842,Emma,Clark,23-06-1978,Single,F,1,New_york
273588,Thomas,Walker,24-06-1978,Married,M,5,Anaheim
267176,Emma,Rogers,24-06-1978,Single,F,10,Milwaukee
270892,Sydney,Lopez,3/7/1978,Married,M,6,Chicago
270772,Grace,Hughes,6/7/1978,Married,M,4,seattle
269083,Kelvin,Lin,9/7/1978,Married,F,7,Detroit
273304,Craig,Munoz,11/7/1978,Single,F,2,Dallas
268098,Alejandro,Goel,12/7/1978,Single,F,5,Anaheim
270461,Michele,Chande,13-07-1978,Single,F,7,Detroit
275206,Edwin,Bhat,15-07-1978,Single,M,7,Detroit
274175,Denise,Mehta,16-07-1978,Single,M,2,Dallas
275037,Krista,Ruiz,20-07-1978,Single,F,9,California
275151,Juan,Peterson,21-07-1978,Single,F,3,New_Jersey
267979,Jordyn,Butler,22-07-1978,Single,M,3,New_Jersey
270387,Luis,Hughes,23-07-1978,Single,F,4,seattle
268678,Daniel,Harris,24-07-1978,Single,M,1,New_york
274529,Blake,Nelson,24-07-1978,Single,M,2,Dallas
269417,Jeremy,Collins,29-07-1978,Single,M,7,Detroit
267482,Megan,Powell,29-07-1978,Single,M,7,Detroit
267384,Elizabeth,Alexander,29-07-1978,Married,M,4,seattle
269478,Wayne,Tang,1/8/1978,Single,M,2,Dallas
273481,Deanna,Martin,3/8/1978,Single,F,3,New_Jersey
275063,William,Walker,5/8/1978,Married,F,2,Dallas
274076,Michelle,James,6/8/1978,Single,F,4,seattle
268575,Antonio,Diaz,6/8/1978,Married,F,1,New_york
268076,Jordan,Griffin,7/8/1978,Single,M,8,Kansas_City
272949,Jonathan,Chen,8/8/1978,Married,M,8,Kansas_City
274718,Dalton,Hughes,9/8/1978,Married,M,6,Chicago
271855,Miguel,Russell,10/8/1978,Married,M,2,Dallas
274431,Jay,Romero,10/8/1978,Married,F,10,Milwaukee
274510,Jeremy,Perez,11/8/1978,Married,F,6,Chicago
269042,Alex,Sanchez,12/8/1978,Single,F,3,New_Jersey
268811,Mariah,Bryant,12/8/1978,Single,F,7,Detroit
269090,Brendan,Raji,14-08-1978,Single,M,7,Detroit
270189,Gregory,Becker,14-08-1978,Single,F,7,Detroit
268838,Whitney,Kov├ír,18-08-1978,Married,M,7,Detroit
271274,Ebony,Munoz,20-08-1978,Married,M,4,seattle
269963,Mary,Nelson,26-08-1978,Married,M,2,Dallas
267663,Curtis,Wang,26-08-1978,Married,M,4,seattle
270914,Cheryl,Navarro,26-08-1978,Married,F,10,Milwaukee
272689,Levi,Mehta,4/9/1978,Married,F,2,Dallas
271580,Hannah,Butler,6/9/1978,Single,M,7,Detroit
268356,Bianca,Gao,7/9/1978,Single,M,10,Milwaukee
270310,Bryant,Sanchez,9/9/1978,Single,M,10,Milwaukee
273366,Claudia,Zhang,13-09-1978,Single,F,6,Chicago
270749,Clarence,Wu,13-09-1978,Single,M,10,Milwaukee
273767,Tyrone,Diaz,14-09-1978,Single,M,10,Milwaukee
272217,Evelyn,Rodriguez,15-09-1978,Single,M,10,Milwaukee
273234,Sydney,Cook,16-09-1978,Married,M,6,Chicago
267622,Jaclyn,Guo,17-09-1978,Single,M,2,Dallas
267372,Levi,Weber,17-09-1978,Married,M,7,Detroit
267164,Latasha,Jimenez,17-09-1978,Married,F,7,Detroit
269334,Catherine,Cox,19-09-1978,Married,M,9,California
268377,Kelli,Raji,20-09-1978,Single,F,9,California
269717,Marco,Vance,22-09-1978,Single,M,10,Milwaukee
274825,Alejandro,Hu,24-09-1978,Single,M,3,New_Jersey
270000,Lydia,Suri,29-09-1978,Single,F,6,Chicago
270272,Shane,Fernandez,1/10/1978,Single,F,10,Milwaukee
270877,Colleen,West,2/10/1978,Single,M,2,Dallas
271716,Joy,Ramos,4/10/1978,Single,M,9,California
271850,Dalton,Miller,5/10/1978,Married,F,1,New_york
269541,Briana,Diaz,5/10/1978,Married,F,8,Kansas_City
266831,Casey,Vazquez,8/10/1978,Single,M,6,Chicago
273912,Devon,Kennedy,8/10/1978,Single,M,8,Kansas_City
274150,Sara,Morgan,14-10-1978,Single,M,8,Kansas_City
272249,Johnny,Rai,16-10-1978,Single,M,3,New_Jersey
272190,Virginia,Martinez,23-10-1978,Married,F,4,seattle
268780,Jacqueline,Simmons,27-10-1978,Married,M,8,Kansas_City
274591,Teresa,Alonso,28-10-1978,Married,M,10,Milwaukee
271989,Carmen,Perez,2/11/1978,Single,M,3,New_Jersey
271428,Jamie,Zhu,2/11/1978,Married,F,1,New_york
269066,Walter,Hernandez,5/11/1978,Married,M,6,Chicago
275076,Xavier,Moore,6/11/1978,Married,M,5,Anaheim
271923,Hannah,Jackson,7/11/1978,Married,M,3,New_Jersey
272048,Destiny,Stewart,8/11/1978,Single,F,1,New_york
269236,Gilbert,Xu,9/11/1978,Married,M,1,New_york
272610,Gabriella,Ramirez,9/11/1978,Single,F,8,Kansas_City
270176,Cedric,Lin,13-11-1978,Married,F,9,California
274604,Tyler,Anderson,13-11-1978,Married,M,8,Kansas_City
273673,Linda,Ferrier,14-11-1978,Married,M,10,Milwaukee
272081,Lacey,Yang,15-11-1978,Single,F,6,Chicago
275225,Ethan,Moore,15-11-1978,Single,M,1,New_york
271532,Gabrielle,Butler,15-11-1978,Married,F,5,Anaheim
272118,Jack,Hill,17-11-1978,Single,F,10,Milwaukee
274503,Aaron,Lal,22-11-1978,Married,M,5,Anaheim
268220,Jay,Gutierrez,22-11-1978,Married,M,10,Milwaukee
270400,Bradley,Lal,24-11-1978,Married,F,3,New_Jersey
270365,Heidi,Gonzalez,24-11-1978,Married,F,3,New_Jersey
268756,Casey,Xu,25-11-1978,Married,M,6,Chicago
267222,Roberto,Ramos,27-11-1978,Married,M,8,Kansas_City
273070,Willie,Xu,27-11-1978,Married,F,9,California
268546,Jose,Moore,28-11-1978,Married,F,7,Detroit
275017,Nina,Nath,29-11-1978,Single,M,8,Kansas_City
273676,Noah,Lopez,2/12/1978,Married,M,1,New_york
272653,Olivia,Ward,5/12/1978,Single,F,9,California
269441,Wyatt,Walker,6/12/1978,Single,M,2,Dallas
274986,Kyle,Chen,9/12/1978,Married,M,6,Chicago
274117,Mario,Tang,10/12/1978,Single,F,5,Anaheim
268666,Hannah,Price,11/12/1978,Single,M,3,New_Jersey
268386,Caleb,Griffin,13-12-1978,Single,F,6,Chicago
266861,Sebastian,Reed,14-12-1978,Single,M,7,Detroit
272606,Catherine,Torres,14-12-1978,Single,F,9,California
273273,Isabella,Cook,17-12-1978,Single,M,3,New_Jersey
270758,Dalton,Brooks,17-12-1978,Married,M,3,New_Jersey
268688,Gabriella,Morris,18-12-1978,Single,M,6,Chicago
268148,Noah,Smith,21-12-1978,Married,M,5,Anaheim
271392,Kurt,Chander,23-12-1978,Single,M,4,seattle
274580,Taylor,Rogers,26-12-1978,Single,M,5,Anaheim
267237,Megan,Gray,1/1/1979,Single,M,8,Kansas_City
267287,Adrian,Sanchez,3/1/1979,Married,F,10,Milwaukee
269613,Leslie,Sanz,3/1/1979,Married,M,8,Kansas_City
269209,Brian,Morgan,4/1/1979,Married,F,1,New_york
269330,Jeremy,Bennett,4/1/1979,Married,M,7,Detroit
270612,Christian,Jenkins,6/1/1979,Married,F,1,New_york
268572,Miguel,Perez,10/1/1979,Married,F,5,Anaheim
272738,William,Lee,10/1/1979,Married,M,4,seattle
275181,Marcus,Sanders,10/1/1979,Married,F,4,seattle
270824,Evan,Wright,11/1/1979,Married,M,9,California
273847,Anthony,Davis,11/1/1979,Married,M,7,Detroit
274425,Gloria,Romero,13-01-1979,Single,M,8,Kansas_City
267177,Jonathan,Diaz,17-01-1979,Single,F,3,New_Jersey
274024,Emma,Rodriguez,21-01-1979,Married,F,5,Anaheim
269332,Hunter,Martinez,23-01-1979,Married,M,5,Anaheim
275039,Kevin,Evans,26-01-1979,Married,F,10,Milwaukee
274091,Kevin,Carter,27-01-1979,Married,F,2,Dallas
270577,Aaron,Perry,29-01-1979,Married,F,2,Dallas
268287,Kimberly,Sanders,1/2/1979,Married,M,2,Dallas
275244,Katherine,Smith,1/2/1979,Married,M,8,Kansas_City
272551,Cindy,Gray,1/2/1979,Married,F,7,Detroit
272026,Timothy,Stewart,6/2/1979,Single,F,7,Detroit
274645,Jessica,Miller,7/2/1979,Married,M,9,California
272312,Nicholas,Davis,10/2/1979,Single,M,3,New_Jersey
272524,Natasha,Romero,10/2/1979,Single,F,9,California
272517,Bailey,Bell,11/2/1979,Single,M,8,Kansas_City
274263,Savannah,Parker,11/2/1979,Single,M,9,California
267294,Jerome,Torres,12/2/1979,Married,F,8,Kansas_City
267239,Emily,Flores,12/2/1979,Single,M,6,Chicago
269068,Kenneth,Rai,15-02-1979,Married,F,6,Chicago
268032,Cassidy,Bryant,17-02-1979,Single,F,1,New_york
274227,Alexandria,Bailey,18-02-1979,Married,M,6,Chicago
271118,Ethan,Simmons,18-02-1979,Married,M,3,New_Jersey
274361,James,Jai,18-02-1979,Married,F,2,Dallas
270472,Logan,Phillips,19-02-1979,Married,F,7,Detroit
275038,Courtney,King,19-02-1979,Married,M,2,Dallas
272945,Elijah,Adams,20-02-1979,Married,M,3,New_Jersey
273930,Colleen,Sharma,20-02-1979,Married,F,10,Milwaukee
270500,Mary,Mitchell,22-02-1979,Married,F,8,Kansas_City
270925,Julian,Alexander,23-02-1979,Single,M,6,Chicago
271321,Melissa,Bryant,23-02-1979,Married,F,7,Detroit
271028,Rafael,Shan,25-02-1979,Married,F,6,Chicago
269216,Isabella,Hernandez,26-02-1979,Married,M,7,Detroit
271726,Madeline,Hall,26-02-1979,Married,F,2,Dallas
271698,Arturo,Liu,27-02-1979,Married,M,8,Kansas_City
272557,Noah,Lee,28-02-1979,Single,M,8,Kansas_City
267623,Amanda,Brooks,1/3/1979,Married,F,6,Chicago
266915,J├®sus,Suarez,4/3/1979,Married,F,5,Anaheim
267246,Jenna,Mitchell,4/3/1979,Married,F,2,Dallas
272861,Alexander,Wilson,4/3/1979,Married,M,5,Anaheim
266978,Thomas,Sanchez,4/3/1979,Married,M,9,California
274983,Dylan,Wang,5/3/1979,Married,F,1,New_york
274461,Chloe,Bryant,6/3/1979,Married,M,8,Kansas_City
273856,Alexia,Ross,6/3/1979,Married,M,2,Dallas
273286,Kaitlyn,Baker,7/3/1979,Single,F,6,Chicago
269604,Richard,Coleman,7/3/1979,Married,M,3,New_Jersey
270148,Robert,Lewis,8/3/1979,Single,M,1,New_york
272815,Jonathan,Robinson,9/3/1979,Married,M,4,seattle
272832,Robert,Wang,14-03-1979,Married,M,6,Chicago
270480,Devin,Stewart,15-03-1979,Married,M,5,Anaheim
274649,John,Williams,15-03-1979,Married,F,7,Detroit
266940,Matthew,Thomas,16-03-1979,Married,F,8,Kansas_City
273985,Blake,Foster,16-03-1979,Married,F,1,New_york
274163,Natalie,Ward,17-03-1979,Married,M,6,Chicago
273447,Kyle,Yang,17-03-1979,Single,M,8,Kansas_City
271545,Alyssa,Davis,18-03-1979,Single,M,1,New_york
269021,Jose,Sharma,19-03-1979,Married,F,7,Detroit
274838,Angel,Scott,24-03-1979,Married,M,10,Milwaukee
270333,Hailey,Perez,25-03-1979,Married,F,6,Chicago
273201,Zachary,Chen,27-03-1979,Married,M,3,New_Jersey
274699,Isabella,Martinez,1/4/1979,Married,F,5,Anaheim
273550,Ryan,Perry,1/4/1979,Married,F,5,Anaheim
271103,Jordan,King,5/4/1979,Married,F,3,New_Jersey
271534,Raymond,Malhotra,5/4/1979,Married,M,4,seattle
267783,Bianca,Lu,7/4/1979,Married,M,5,Anaheim
269333,Carly,Xie,10/4/1979,Married,F,5,Anaheim
268456,Beth,Gomez,12/4/1979,Married,F,6,Chicago
269075,Lance,Blanco,13-04-1979,Married,F,8,Kansas_City
271903,Abby,Subram,16-04-1979,Single,F,7,Detroit
272534,Jon,Chander,21-04-1979,Married,M,3,New_Jersey
269984,Anne,Dominguez,22-04-1979,Married,M,9,California
268593,Allen,Garcia,22-04-1979,Married,F,4,seattle
271310,James,Flores,23-04-1979,Married,M,5,Anaheim
266846,Lindsey,Andersen,24-04-1979,Married,M,2,Dallas
270009,Jaime,Nara,25-04-1979,Married,M,3,New_Jersey
268343,Kate,Anand,26-04-1979,Single,M,2,Dallas
268104,Melanie,Sanchez,26-04-1979,Married,F,2,Dallas
267785,Luke,Adams,27-04-1979,Single,F,7,Detroit
274162,Samuel,Wang,1/5/1979,Married,F,5,Anaheim
274757,Matthew,Moore,2/5/1979,Married,F,7,Detroit
267261,Katherine,Parker,3/5/1979,Married,F,6,Chicago
271699,Rachel,Martin,7/5/1979,Single,F,9,California
271494,Mason,Baker,8/5/1979,Single,M,7,Detroit
268285,Ryan,Anderson,9/5/1979,Married,F,1,New_york
268131,Jordan,Gonzalez,11/5/1979,Single,M,5,Anaheim
271783,Elizabeth,Lee,12/5/1979,Single,M,5,Anaheim
266920,Joshua,Lee,13-05-1979,Single,F,1,New_york
271763,Carlos,Murphy,14-05-1979,Married,M,7,Detroit
267088,Sarah,Johnson,14-05-1979,Married,F,9,California
271094,Nathan,Brown,16-05-1979,Single,F,1,New_york
271815,Jorge,Hu,17-05-1979,Single,F,9,California
271744,Rachel,Howard,18-05-1979,Married,F,10,Milwaukee
274408,Bailey,Adams,19-05-1979,Married,F,3,New_Jersey
267606,Brent,Li,20-05-1979,Married,F,3,New_Jersey
271004,Madison,Price,23-05-1979,Married,M,7,Detroit
270544,Dakota,Griffin,24-05-1979,Married,M,6,Chicago
271112,Victoria,Butler,26-05-1979,Married,M,7,Detroit
269191,Kara,Chavez,27-05-1979,Married,F,8,Kansas_City
269254,Hannah,Rodriguez,27-05-1979,Single,F,7,Detroit
274511,Brandon,Rodriguez,3/6/1979,Single,F,8,Kansas_City
273390,Jackson,Lopez,5/6/1979,Married,M,2,Dallas
270151,Alexandria,Coleman,5/6/1979,Married,M,10,Milwaukee
272951,Jordan,Campbell,7/6/1979,Married,M,5,Anaheim
270023,Nina,Xu,8/6/1979,Married,F,2,Dallas
267940,Paula,Carlson,9/6/1979,Single,M,9,California
269117,Barbara,Lu,10/6/1979,Married,M,9,California
271152,Cassidy,Hughes,12/6/1979,Married,M,8,Kansas_City
275139,Jasmine,Jackson,12/6/1979,Married,F,8,Kansas_City
268157,Seth,Anderson,14-06-1979,Married,F,5,Anaheim
272621,Arthur,Rubio,15-06-1979,Married,F,9,California
274375,Anna,Harris,17-06-1979,Married,M,4,seattle
274518,Vanessa,Ross,18-06-1979,Married,F,10,Milwaukee
273504,Timothy,Hernandez,20-06-1979,Married,F,3,New_Jersey
267880,Angela,Stewart,20-06-1979,Single,F,5,Anaheim
269934,Cole,Torres,22-06-1979,Single,M,3,New_Jersey
267942,Jonathan,Martinez,23-06-1979,Married,F,6,Chicago
270280,Sara,Peterson,23-06-1979,Single,F,7,Detroit
269758,Oscar,Alexander,24-06-1979,Married,M,3,New_Jersey
269006,Kaitlyn,Cox,24-06-1979,Married,M,2,Dallas
268161,Michelle,Stone,25-06-1979,Married,M,4,seattle
268799,Kaitlyn,King,27-06-1979,Married,M,9,California
272400,Angela,Sanders,27-06-1979,Married,M,4,seattle
272127,Miguel,Barnes,29-06-1979,Married,M,3,New_Jersey
267772,Isabella,Reed,29-06-1979,Married,F,8,Kansas_City
273728,Natalie,Jenkins,1/7/1979,Married,M,3,New_Jersey
273139,Megan,Stone,4/7/1979,Married,F,5,Anaheim
271030,Jordan,Hernandez,5/7/1979,Married,M,1,New_york
274221,Lucas,Thomas,6/7/1979,Married,F,4,seattle
269646,Angel,Rivera,9/7/1979,Married,M,6,Chicago
272744,Jeremiah,Long,9/7/1979,Single,F,7,Detroit
267948,Amber,Perez,10/7/1979,Married,F,5,Anaheim
275197,Charles,Howard,10/7/1979,Single,F,8,Kansas_City
271846,Jasmine,Jones,11/7/1979,Single,M,3,New_Jersey
270289,Arianna,Barnes,11/7/1979,Single,M,10,Milwaukee
274810,Elizabeth,Patterson,11/7/1979,Single,M,8,Kansas_City
271527,Adam,Adams,12/7/1979,Married,M,9,California
267756,Florian,Stiller,12/7/1979,Married,F,1,New_york
272060,Marcus,Wright,12/7/1979,Married,F,8,Kansas_City
266804,Bob,Fernandez,14-07-1979,Married,M,10,Milwaukee
267859,Isabelle,Russell,15-07-1979,Married,M,5,Anaheim
273709,Albert,Serrano,15-07-1979,Single,M,5,Anaheim
272559,Jake,Wang,18-07-1979,Married,F,1,New_york
269870,Maria,Patterson,20-07-1979,Married,M,10,Milwaukee
269140,Lauren,Diaz,21-07-1979,Married,F,9,California
267630,Neil,Alonso,25-07-1979,Married,M,1,New_york
273156,Tara,Chander,27-07-1979,Married,M,4,seattle
267935,Melanie,Rivera,29-07-1979,Married,F,3,New_Jersey
269193,Alyssa,Barnes,29-07-1979,Single,F,6,Chicago
274814,Deanna,Gill,3/8/1979,Married,F,9,California
269776,Lauren,Cox,4/8/1979,Married,F,3,New_Jersey
273784,Jada,Carter,6/8/1979,Single,M,5,Anaheim
268331,Nicole,Clark,6/8/1979,Single,F,9,California
273034,Natalie,Edwards,14-08-1979,Married,M,3,New_Jersey
272652,Lucas,King,16-08-1979,Married,M,1,New_york
274543,Brandon,Jackson,19-08-1979,Single,F,6,Chicago
269105,Melanie,Bradley,19-08-1979,Married,M,6,Chicago
268714,Caitlin,Reed,20-08-1979,Married,M,9,California
269509,Dalton,Butler,20-08-1979,Married,F,4,seattle
270526,Gregory,Chande,21-08-1979,Single,F,9,California
273160,Rachel,Hall,22-08-1979,Married,M,8,Kansas_City
270983,Noah,Young,22-08-1979,Married,M,1,New_york
270072,Kaitlyn,Gonzalez,22-08-1979,Married,F,7,Detroit
274832,Isaac,Sandberg,23-08-1979,Married,F,5,Anaheim
272615,Mariah,Cox,25-08-1979,Single,M,8,Kansas_City
273918,Joseph,Davis,28-08-1979,Single,M,3,New_Jersey
268964,Jordyn,Coleman,29-08-1979,Single,M,6,Chicago
268186,Eric,Campbell,1/9/1979,Married,F,5,Anaheim
272259,Jackson,Jai,2/9/1979,Married,M,7,Detroit
272785,Stefanie,Prasad,3/9/1979,Married,M,7,Detroit
273873,Blake,Gonzales,6/9/1979,Single,M,2,Dallas
275150,Alexandra,Edwards,8/9/1979,Married,M,10,Milwaukee
268299,Ian,Wood,8/9/1979,Married,F,8,Kansas_City
270050,Jada,Cook,9/9/1979,Married,F,1,New_york
267668,Cameron,Jai,10/9/1979,Married,M,5,Anaheim
268430,Destiny,Morgan,10/9/1979,Single,F,9,California
273487,Sydney,Allen,13-09-1979,Married,F,2,Dallas
270465,Natalie,Anderson,17-09-1979,Single,F,2,Dallas
269452,Luke,Shan,18-09-1979,Married,F,2,Dallas
271911,Austin,Davis,20-09-1979,Married,F,9,California
271719,Savannah,Edwards,24-09-1979,Married,F,1,New_york
270944,Kyle,Henderson,25-09-1979,Married,M,4,seattle
273421,Mariah,Henderson,26-09-1979,Married,F,9,California
271426,Blake,Ross,27-09-1979,Married,M,4,seattle
270245,Sydney,Gonzales,1/10/1979,Single,F,1,New_york
267091,Isaac,Edwards,1/10/1979,Married,M,7,Detroit
268620,Michelle,Murphy,1/10/1979,Single,F,9,California
269397,Marco,Martinez,2/10/1979,Married,M,9,California
272431,Jason,Kumar,3/10/1979,Married,F,3,New_Jersey
267832,Jerry,Rai,4/10/1979,Married,M,9,California
273551,Thomas,Hernandez,7/10/1979,Married,F,8,Kansas_City
272352,Alexandra,Bailey,9/10/1979,Married,F,4,seattle
272848,Bailey,Morris,12/10/1979,Single,F,9,California
266849,Katherine,Scott,12/10/1979,Married,M,1,New_york
270657,Vanessa,Jenkins,12/10/1979,Married,F,8,Kansas_City
268067,Richard,Rogers,14-10-1979,Married,M,3,New_Jersey
274176,Natalie,Wright,14-10-1979,Single,M,8,Kansas_City
272819,Mario,Ashe,15-10-1979,Single,F,3,New_Jersey
274205,Danielle,Cook,16-10-1979,Single,M,2,Dallas
274195,Samuel,Patterson,16-10-1979,Married,F,10,Milwaukee
269950,Miranda,Jenkins,17-10-1979,Married,M,2,Dallas
271943,Marshall,Shen,20-10-1979,Single,F,9,California
269463,Madison,Thomas,23-10-1979,Married,F,3,New_Jersey
269174,Julia,Collins,25-10-1979,Married,F,1,New_york
268922,Brenda,Malhotra,27-10-1979,Married,M,7,Detroit
266974,Hunter,Parker,28-10-1979,Married,F,1,New_york
268718,Willie,Kumar,28-10-1979,Married,M,6,Chicago
275220,Matthew,Clark,28-10-1979,Single,F,10,Milwaukee
271793,Gabriel,Li,2/11/1979,Married,M,2,Dallas
268001,David,Kumar,2/11/1979,Married,F,10,Milwaukee
267538,Adam,Mitchell,3/11/1979,Married,M,4,seattle
269695,Logan,Ross,4/11/1979,Married,M,9,California
274160,Edward,Young,5/11/1979,Married,M,7,Detroit
268876,Julia,Thomas,8/11/1979,Married,F,7,Detroit
269728,Erin,Bradley,9/11/1979,Single,M,8,Kansas_City
271666,Gabriel,Turner,10/11/1979,Married,M,4,seattle
267760,Jennifer,Jackson,12/11/1979,Single,F,9,California
267307,Kelvin,Yang,14-11-1979,Married,F,1,New_york
274462,Ethan,Bryant,14-11-1979,Married,M,5,Anaheim
272274,Craig,Jim├®nez,18-11-1979,Married,F,7,Detroit
269024,Cassandra,Rana,21-11-1979,Single,F,8,Kansas_City
274808,Katherine,Gonzales,22-11-1979,Married,F,7,Detroit
268834,Cory,Fernandez,23-11-1979,Married,F,7,Detroit
269792,Jillian,Madan,24-11-1979,Married,F,10,Milwaukee
271987,Jacquelyn,Blanco,24-11-1979,Married,M,2,Dallas
267286,Rafael,Zhao,24-11-1979,Married,M,1,New_york
274726,Fernando,Phillips,24-11-1979,Married,F,3,New_Jersey
272704,Miguel,Wilson,25-11-1979,Married,F,6,Chicago
271706,Marcus,Rogers,25-11-1979,Single,F,3,New_Jersey
271664,Richard,Roberts,25-11-1979,Single,M,7,Detroit
269014,Ian,Cox,27-11-1979,Married,F,3,New_Jersey
271322,Devin,Cox,27-11-1979,Married,F,7,Detroit
270078,Lauren,Coleman,29-11-1979,Married,M,4,seattle
273251,Jordan,Turner,29-11-1979,Married,M,2,Dallas
271097,Alyssa,Patterson,2/12/1979,Married,F,7,Detroit
274942,Jacqueline,Washington,3/12/1979,Single,M,3,New_Jersey
268183,Alex,Peterson,4/12/1979,Single,M,9,California
267068,Jasmine,Thomas,4/12/1979,Married,M,6,Chicago
273659,Jose,Garcia,4/12/1979,Married,F,4,seattle
272426,Taylor,Williams,7/12/1979,Single,F,9,California
271442,Connor,Winston,12/12/1979,Single,M,5,Anaheim
271169,Marcus,Ramirez,12/12/1979,Married,M,8,Kansas_City
273381,Gabrielle,Washington,15-12-1979,Married,M,4,seattle
269879,Edward,Griffin,17-12-1979,Married,M,2,Dallas
273482,Bryan,James,18-12-1979,Married,M,2,Dallas
272584,Dalton,Wood,20-12-1979,Single,M,2,Dallas
270675,Jessie,Vazquez,20-12-1979,Single,F,2,Dallas
268717,Kaitlyn,Wright,21-12-1979,Single,F,5,Anaheim
269368,Tracy,Pal,22-12-1979,Married,F,9,California
271619,Gail,Griffin,23-12-1979,Single,M,10,Milwaukee
270525,Ethan,Flores,24-12-1979,Married,M,5,Anaheim
268793,Chloe,Griffin,28-12-1979,Single,M,9,California
270584,Arturo,Lin,28-12-1979,Married,F,9,California
269750,Sydney,Miller,28-12-1979,Single,F,4,seattle
272430,Omar,Zhang,1/1/1980,Married,F,6,Chicago
271648,Paula,Vazquez,1/1/1980,Single,F,1,New_york
270004,Jasmine,White,1/1/1980,Married,M,7,Detroit
267015,Abby,Lopez,2/1/1980,Single,M,7,Detroit
270553,Logan,Davis,4/1/1980,Married,M,4,seattle
267667,Katelyn,Scott,5/1/1980,Single,M,6,Chicago
269709,Destiny,Cox,8/1/1980,Married,M,7,Detroit
271367,Catherine,Ward,9/1/1980,Married,F,9,California
272373,Jerome,Diaz,10/1/1980,Single,F,5,Anaheim
271221,Victoria,Jones,11/1/1980,Single,M,8,Kansas_City
272152,Robin,Browning,13-01-1980,Married,M,8,Kansas_City
270692,Kaitlyn,Evans,13-01-1980,Married,M,10,Milwaukee
268379,Amanda,Howard,15-01-1980,Married,M,9,California
269841,Benjamin,Griffin,16-01-1980,Married,F,3,New_Jersey
273031,Kaitlyn,Bryant,17-01-1980,Married,F,8,Kansas_City
272121,Sydney,Hernandez,19-01-1980,Single,F,10,Milwaukee
269457,Eric,Henderson,20-01-1980,Married,M,1,New_york
273085,Joan,James,22-01-1980,Married,M,7,Detroit
267475,Devin,Foster,24-01-1980,Married,M,3,New_Jersey
268297,Jasmine,Walker,25-01-1980,Single,F,2,Dallas
270326,Anthony,Jones,27-01-1980,Single,F,7,Detroit
270406,Jay,Sara,4/2/1980,Single,F,6,Chicago
272292,Tammy,Sara,5/2/1980,Married,M,4,seattle
270540,Martha,Hu,6/2/1980,Married,F,1,New_york
266966,Sydney,Campbell,7/2/1980,Married,F,3,New_Jersey
273842,Bryce,James,8/2/1980,Married,F,10,Milwaukee
270297,Kristopher,Martinez,9/2/1980,Single,F,6,Chicago
271832,Mariah,Sanders,13-02-1980,Single,F,9,California
267786,Bryce,Bailey,13-02-1980,Single,M,8,Kansas_City
271820,Jaclyn,Jai,14-02-1980,Single,M,3,New_Jersey
272388,Eric,Bryant,17-02-1980,Married,F,8,Kansas_City
271297,Simon,Pearson,17-02-1980,Married,M,10,Milwaukee
271753,Logan,Hill,17-02-1980,Married,M,6,Chicago
272865,Elizabeth,Hall,20-02-1980,Married,F,2,Dallas
269493,Charles,Allen,20-02-1980,Married,F,4,seattle
268467,Timothy,Hall,20-02-1980,Married,M,1,New_york
271102,Katherine,Wood,23-02-1980,Married,M,3,New_Jersey
269120,Alexia,Coleman,24-02-1980,Single,M,8,Kansas_City
268281,Katelyn,Rogers,26-02-1980,Single,F,3,New_Jersey
266809,Anna,Rodriguez,26-02-1980,Single,F,3,New_Jersey
273668,Hunter,Hernandez,28-02-1980,Married,F,9,California
273759,Haley,Bryant,3/3/1980,Married,M,3,New_Jersey
274864,Christian,Lal,4/3/1980,Married,M,7,Detroit
270270,Marcus,Martinez,5/3/1980,Single,M,1,New_york
273103,Thomas,Allen,5/3/1980,Married,M,2,Dallas
270356,Rebekah,Gomez,6/3/1980,Single,M,10,Milwaukee
268491,Emily,Martin,7/3/1980,Married,F,2,Dallas
273839,Laura,Guo,8/3/1980,Married,M,9,California
269852,Jennifer,Walker,10/3/1980,Married,F,7,Detroit
271806,Edward,Rodriguez,10/3/1980,Married,F,10,Milwaukee
268887,Natalie,Howard,10/3/1980,Married,F,7,Detroit
269094,Christian,Foster,11/3/1980,Married,M,7,Detroit
273270,Valerie,Zhao,11/3/1980,Married,M,9,California
271270,Byron,Gutierrez,12/3/1980,Single,M,8,Kansas_City
267492,Micheal,Alvarez,15-03-1980,Married,F,9,California
274119,Lucas,Morris,15-03-1980,Married,M,10,Milwaukee
273307,Deborah,Sharma,16-03-1980,Married,F,6,Chicago
273555,Joel,Mehta,17-03-1980,Single,M,7,Detroit
271017,Olivia,Cox,18-03-1980,Single,M,4,seattle
271281,Molly,Vance,18-03-1980,Married,F,10,Milwaukee
269305,Clayton,Zhu,19-03-1980,Married,M,8,Kansas_City
268674,Deborah,Nara,19-03-1980,Single,F,1,New_york
274542,Theodore,Gomez,20-03-1980,Married,F,6,Chicago
269979,Beth,Alonso,21-03-1980,Married,M,8,Kansas_City
273309,Jamie,Cai,23-03-1980,Married,F,6,Chicago
272659,Willie,Guo,25-03-1980,Single,M,7,Detroit
271384,Margaret,Patterson,25-03-1980,Married,M,9,California
273913,Cassandra,Sanchez,27-03-1980,Married,M,5,Anaheim
271660,Lucas,Johnson,28-03-1980,Married,F,4,seattle
268781,Jon,Shen,28-03-1980,Married,M,5,Anaheim
269089,Ernest,Liu,29-03-1980,Single,M,3,New_Jersey
275093,Ken,S├ínchez,2/4/1980,Married,F,6,Chicago
274596,Abigail,Henderson,2/4/1980,Married,M,2,Dallas
268497,Lindsay,Luo,4/4/1980,Single,F,3,New_Jersey
269978,Cara,Liang,10/4/1980,Married,M,8,Kansas_City
271411,Harold,Ray,12/4/1980,Married,F,4,seattle
275035,Nicolas,Sharma,12/4/1980,Single,M,9,California
273951,Brendan,Goldstein,13-04-1980,Single,M,8,Kansas_City
267835,Lucas,Foster,15-04-1980,Single,M,2,Dallas
269046,Carol,Nelson,16-04-1980,Single,M,4,seattle
274181,Sandra,Lu,19-04-1980,Single,M,5,Anaheim
269367,Logan,Taylor,20-04-1980,Single,M,4,seattle
266950,Adrienne,Ruiz,20-04-1980,Single,M,6,Chicago
267460,Cheryl,Blanco,20-04-1980,Married,F,5,Anaheim
274811,Cassandra,Van,20-04-1980,Married,F,1,New_york
266904,Krystal,Liu,21-04-1980,Married,F,9,California
275052,Tonya,Andersen,22-04-1980,Married,M,8,Kansas_City
267685,Carmen,Lopez,23-04-1980,Married,M,7,Detroit
272456,Pamela,Martinez,24-04-1980,Single,M,10,Milwaukee
272128,Krystal,Chen,24-04-1980,Married,F,7,Detroit
273969,Tyrone,Gutierrez,24-04-1980,Married,M,9,California
273570,Melody,Gill,25-04-1980,Married,M,5,Anaheim
274621,Eduardo,Butler,26-04-1980,Single,F,3,New_Jersey
273155,Beth,Navarro,28-04-1980,Married,F,8,Kansas_City
271912,Omar,Nara,1/5/1980,Single,M,10,Milwaukee
272445,Arianna,Ward,1/5/1980,Single,F,1,New_york
271867,Jill,Moreno,5/5/1980,Single,F,8,Kansas_City
274099,Vanessa,Henderson,5/5/1980,Single,F,4,seattle
269812,Roger,Guo,6/5/1980,Single,M,4,seattle
269275,Paula,Ortega,7/5/1980,Married,M,3,New_Jersey
271457,Ashlee,Xu,7/5/1980,Married,M,8,Kansas_City
267317,Sharon,Kumar,8/5/1980,Married,M,7,Detroit
269019,Phillip,Rana,9/5/1980,Single,F,5,Anaheim
274909,Joy,Martin,9/5/1980,Single,F,6,Chicago
275157,Brad,Sharma,10/5/1980,Married,M,3,New_Jersey
268524,Mitchell,Jai,12/5/1980,Married,F,7,Detroit
271834,Michele,Jimenez,12/5/1980,Single,M,9,California
275142,Bridget,Jai,13-05-1980,Married,M,3,New_Jersey
268240,Richard,King,15-05-1980,Single,F,1,New_york
274521,Joe,Malhotra,16-05-1980,Single,M,8,Kansas_City
269653,Jacob,Lee,17-05-1980,Married,M,7,Detroit
271406,Trevor,Hughes,19-05-1980,Single,F,4,seattle
268774,Jessica,Coleman,21-05-1980,Married,F,2,Dallas
273980,Paula,Moreno,24-05-1980,Married,M,5,Anaheim
272838,Tammy,Smith,26-05-1980,Married,M,9,California
275224,Alisha,Nath,26-05-1980,Single,M,4,seattle
275092,Stacey,Liu,29-05-1980,Married,F,9,California
268268,Karen,Lu,29-05-1980,Married,F,9,California
268028,Lori,Ramos,3/6/1980,Single,M,7,Detroit
271907,Andres,Shan,5/6/1980,Married,F,1,New_york
272954,Gary,Navarro,5/6/1980,Married,F,3,New_Jersey
272986,Bryant,Van,6/6/1980,Single,F,10,Milwaukee
271266,Phillip,Sai,7/6/1980,Married,F,4,seattle
267652,Sabrina,Blanco,8/6/1980,Married,F,6,Chicago
268149,Tiffany,Zhao,10/6/1980,Married,M,3,New_Jersey
271256,Mikael,Sandberg,12/6/1980,Single,M,9,California
274422,Anne,Rubio,12/6/1980,Married,F,3,New_Jersey
269424,Max,Jimenez,15-06-1980,Married,F,10,Milwaukee
273821,Marcus,Hall,19-06-1980,Single,F,10,Milwaukee
270628,Benjamin,Jackson,19-06-1980,Single,M,2,Dallas
274389,Allen,Mehta,19-06-1980,Married,M,9,California
274685,Shaun,Deng,20-06-1980,Single,M,2,Dallas
275170,Edwin,Pal,20-06-1980,Married,F,3,New_Jersey
274964,Brenda,Garcia,20-06-1980,Single,F,8,Kansas_City
269386,Alicia,Shen,21-06-1980,Married,M,5,Anaheim
269363,Tamara,Lal,22-06-1980,Single,F,1,New_york
268138,Theodore,Torres,23-06-1980,Married,M,3,New_Jersey
274654,Karl,Nath,23-06-1980,Married,F,2,Dallas
272494,Alan,Chen,26-06-1980,Married,M,7,Detroit
269101,Carol,Xu,27-06-1980,Married,M,7,Detroit
271618,Albert,Blanco,28-06-1980,Married,M,9,California
270710,Martha,Gao,28-06-1980,Married,F,6,Chicago
273905,Blake,Butler,29-06-1980,Single,F,5,Anaheim
267012,Isaiah,Cox,29-06-1980,Single,M,2,Dallas
267090,Savannah,Morris,1/7/1980,Married,F,6,Chicago
274259,Larry,Alonso,3/7/1980,Married,M,9,California
271797,Kristina,Subram,3/7/1980,Single,F,2,Dallas
270994,Deb,Dominguez,5/7/1980,Married,M,6,Chicago
273452,Cameron,Smith,7/7/1980,Single,F,9,California
274112,Louis,Xie,7/7/1980,Married,M,9,California
269327,Latasha,Alonso,7/7/1980,Married,F,9,California
268146,Gabriella,Collins,10/7/1980,Married,M,4,seattle
270375,Deanna,Navarro,11/7/1980,Single,M,5,Anaheim
270905,Jessica,Williams,11/7/1980,Married,F,5,Anaheim
273780,Cole,Stewart,13-07-1980,Single,M,2,Dallas
269377,Billy,Gomez,13-07-1980,Married,M,7,Detroit
272437,Lance,Gutierrez,13-07-1980,Married,M,6,Chicago
268304,Keith,Luo,15-07-1980,Married,F,10,Milwaukee
268291,Valerie,Zhu,16-07-1980,Married,F,6,Chicago
273195,Marie,Sanz,17-07-1980,Married,F,7,Detroit
268934,Tanya,Dominguez,18-07-1980,Married,F,7,Detroit
272695,Virginia,Mehta,20-07-1980,Married,M,1,New_york
274381,Molly,Martinez,21-07-1980,Married,M,8,Kansas_City
267358,Nuan,Zheng,22-07-1980,Married,M,2,Dallas
271663,Gerrit,Straatsma,23-07-1980,Married,F,7,Detroit
273768,Drew,Sharma,23-07-1980,Married,F,9,California
267906,Levi,Rana,24-07-1980,Single,M,10,Milwaukee
274625,Karla,Kumar,28-07-1980,Married,M,1,New_york
273214,Ramon,Yang,1/8/1980,Married,M,3,New_Jersey
273867,Omar,Sharma,5/8/1980,Married,M,1,New_york
270298,Marshall,Huang,8/8/1980,Married,F,7,Detroit
269372,Hailey,Ross,12/8/1980,Married,M,6,Chicago
272354,Derek,Jai,14-08-1980,Married,M,10,Milwaukee
274583,Julie,Becker,15-08-1980,Single,F,5,Anaheim
271337,Jacquelyn,Rowe,17-08-1980,Single,M,1,New_york
274404,Cole,Ramirez,17-08-1980,Married,M,2,Dallas
273603,Gerald,Suri,18-08-1980,Married,F,9,California
269597,Jay,Raman,18-08-1980,Single,M,1,New_york
271844,Arturo,Xu,19-08-1980,Married,F,8,Kansas_City
269069,Damien,Ye,20-08-1980,Single,F,9,California
274399,Melody,Ruiz,21-08-1980,Married,F,7,Detroit
271202,Alan,Wang,22-08-1980,Married,M,5,Anaheim
267691,Mitchell,Carson,22-08-1980,Married,F,7,Detroit
270954,Nicole,Long,24-08-1980,Single,M,4,seattle
267574,Jason,Campbell,27-08-1980,Married,M,9,California
273404,Johnathan,Madan,27-08-1980,Married,F,9,California
273296,Natasha,Rubio,27-08-1980,Married,F,2,Dallas
269421,Kaitlin,Schmidt,1/9/1980,Married,F,8,Kansas_City
274641,Karla,Yuan,2/9/1980,Married,M,4,seattle
274023,Brenda,Arun,4/9/1980,Single,M,10,Milwaukee
273140,Joe,Subram,13-09-1980,Married,F,2,Dallas
273311,Cheryl,Munoz,15-09-1980,Single,F,9,California
274638,Juan,Ramos,15-09-1980,Single,F,7,Detroit
272424,Alexis,Russell,15-09-1980,Married,F,2,Dallas
269571,Kurt,Deng,15-09-1980,Married,F,6,Chicago
275057,Jarrod,Rodriguez,17-09-1980,Married,M,7,Detroit
274258,Victoria,Cooper,22-09-1980,Married,F,8,Kansas_City
272471,Diana,Alvarez,23-09-1980,Single,M,8,Kansas_City
270978,Colin,Liang,24-09-1980,Married,M,2,Dallas
272921,Rachael,Patel,25-09-1980,Married,M,3,New_Jersey
270453,Adrian,Watson,29-09-1980,Single,M,5,Anaheim
274277,Cassie,Nara,1/10/1980,Married,F,1,New_york
271315,Ronald,Sai,2/10/1980,Single,M,10,Milwaukee
270961,Kristi,Dominguez,7/10/1980,Married,M,9,California
275047,Eugene,He,7/10/1980,Single,M,4,seattle
273179,Terry,Yuan,9/10/1980,Married,F,1,New_york
273116,Armando,Alonso,13-10-1980,Single,M,5,Anaheim
268143,Arturo,Sharma,14-10-1980,Single,M,8,Kansas_City
267083,Rebekah,Suarez,15-10-1980,Married,F,3,New_Jersey
267960,Jessie,She,16-10-1980,Married,F,10,Milwaukee
267918,Jerry,Sharma,17-10-1980,Married,M,6,Chicago
269645,Tamara,Zeng,19-10-1980,Married,F,5,Anaheim
267364,Tony,Chander,21-10-1980,Married,M,8,Kansas_City
268162,Shawn,Andersen,22-10-1980,Married,M,9,California
272598,Christopher,Walker,26-10-1980,Married,F,7,Detroit
273437,Faith,Howard,26-10-1980,Married,M,10,Milwaukee
273414,Kaylee,Collins,26-10-1980,Single,M,3,New_Jersey
272077,Wyatt,Bennett,28-10-1980,Married,M,5,Anaheim
266817,Clayton,Shan,28-10-1980,Married,F,5,Anaheim
267251,Ethan,Davis,29-10-1980,Married,F,1,New_york
269857,Andre,Sara,1/11/1980,Married,M,10,Milwaukee
271039,Miguel,Roberts,4/11/1980,Single,M,3,New_Jersey
274792,Melvin,Tang,6/11/1980,Single,F,6,Chicago
268858,Larry,Diaz,14-11-1980,Single,F,1,New_york
271705,Kristi,Randall,15-11-1980,Married,M,10,Milwaukee
269267,Teresa,Ruiz,16-11-1980,Single,M,7,Detroit
268170,Andres,Deng,16-11-1980,Single,M,5,Anaheim
269767,Stanley,Martinez,19-11-1980,Married,F,2,Dallas
266867,Kristy,Gill,24-11-1980,Married,F,9,California
270807,Brittney,Zeng,25-11-1980,Single,M,9,California
267505,Frank,Ramos,26-11-1980,Single,F,2,Dallas
273897,Benjamin,Davis,27-11-1980,Single,M,7,Detroit
274722,Sandra,He,27-11-1980,Single,M,7,Detroit
269518,Drew,Shen,28-11-1980,Single,M,2,Dallas
269390,Stanley,Sai,28-11-1980,Single,M,3,New_Jersey
273032,George,Kapoor,2/12/1980,Married,M,5,Anaheim
270039,Brian,Albrecht,3/12/1980,Single,M,3,New_Jersey
271824,Warren,Goel,3/12/1980,Married,M,5,Anaheim
268600,Sandra,Li,4/12/1980,Married,M,4,seattle
270061,Jan,Watson,4/12/1980,Married,M,4,seattle
271381,Adam,Hall,4/12/1980,Single,M,6,Chicago
271948,Fernando,Lopez,6/12/1980,Single,F,5,Anaheim
273574,Sheila,Torres,7/12/1980,Single,F,1,New_york
272317,Francis,Dominguez,8/12/1980,Single,M,10,Milwaukee
273485,Briana,Torres,9/12/1980,Married,M,9,California
269394,Peter,Jai,9/12/1980,Married,M,4,seattle
270801,Mario,Xie,11/12/1980,Married,F,9,California
269501,Ruben,Sanchez,12/12/1980,Single,M,2,Dallas
270403,Teresa,Ramos,12/12/1980,Single,M,5,Anaheim
267930,Claudia,Gao,12/12/1980,Single,M,7,Detroit
269864,Ariana,Bailey,14-12-1980,Single,M,5,Anaheim
271461,Curtis,Li,16-12-1980,Married,M,5,Anaheim
270055,Dominic,Gonzalez,16-12-1980,Single,M,4,seattle
271120,Savannah,Gray,18-12-1980,Single,F,10,Milwaukee
267285,Christian,Clark,19-12-1980,Single,M,10,Milwaukee
270282,Katherine,Edwards,20-12-1980,Single,F,3,New_Jersey
268211,J├®sus,Munoz,20-12-1980,Single,F,9,California
272665,Catherine,Sanchez,22-12-1980,Single,M,3,New_Jersey
269460,Rachel,Alexander,27-12-1980,Single,M,9,California
269355,Evan,Howard,28-12-1980,Single,F,10,Milwaukee
275188,Haley,Scott,29-12-1980,Single,F,4,seattle
270362,Jessie,Suarez,1/1/1981,Single,M,6,Chicago
269316,Mackenzie,Sanders,2/1/1981,Single,M,8,Kansas_City
274902,Victoria,Davis,7/1/1981,Single,M,1,New_york
275245,Blake,Mitchell,7/1/1981,Single,M,10,Milwaukee
270815,Kaitlyn,Peterson,9/1/1981,Single,F,9,California
269072,Austin,Smith,9/1/1981,Married,M,7,Detroit
274925,Jennifer,Bennett,10/1/1981,Single,M,2,Dallas
272928,Zachary,Robinson,12/1/1981,Single,M,7,Detroit
270029,Destiny,Harris,14-01-1981,Single,M,7,Detroit
270834,Thomas,Mitchell,17-01-1981,Single,F,1,New_york
268903,Nancy,Martinez,17-01-1981,Single,F,7,Detroit
273373,Alexander,Walker,17-01-1981,Single,F,2,Dallas
267061,Amanda,Ward,19-01-1981,Married,M,1,New_york
273962,Eduardo,Sanchez,20-01-1981,Married,M,5,Anaheim
269980,Brandon,Jai,23-01-1981,Married,M,3,New_Jersey
273771,Audrey,Gill,24-01-1981,Married,M,2,Dallas
273727,Marcus,Barnes,24-01-1981,Married,F,7,Detroit
274798,Isaac,Carter,25-01-1981,Married,M,9,California
273293,Cameron,Johnson,25-01-1981,Married,F,8,Kansas_City
274370,Lucas,Howard,28-01-1981,Single,M,2,Dallas
274737,Luke,Campbell,1/2/1981,Married,F,6,Chicago
267644,Leonard,Raje,2/2/1981,Married,F,7,Detroit
269269,Charles,Thompson,4/2/1981,Married,M,1,New_york
268776,Nathan,Henderson,7/2/1981,Married,F,5,Anaheim
267806,Austin,Lewis,7/2/1981,Married,F,2,Dallas
274071,Paula,Rubio,12/2/1981,Married,M,5,Anaheim
269831,Taylor,Stewart,13-02-1981,Married,F,1,New_york
275069,Jason,Li,14-02-1981,Married,F,3,New_Jersey
273952,Walter,Suarez,16-02-1981,Married,M,9,California
272267,Jan,James,19-02-1981,Single,F,4,seattle
270597,Julian,Isla,21-02-1981,Single,M,2,Dallas
274700,Sydney,Collins,23-02-1981,Married,F,9,California
269642,Kristi,Gonzalez,26-02-1981,Married,F,6,Chicago
269385,Dennis,Guo,3/3/1981,Married,M,2,Dallas
273522,Cole,Rivera,8/3/1981,Married,M,2,Dallas
274323,Garrett,Sanders,12/3/1981,Married,F,9,California
273901,Jose,Young,14-03-1981,Married,F,10,Milwaukee
275202,Jason,Coleman,14-03-1981,Married,F,9,California
271162,Jada,Ramirez,15-03-1981,Married,M,9,California
272093,Haley,Morgan,16-03-1981,Married,F,8,Kansas_City
271317,Benjamin,Ross,18-03-1981,Married,M,6,Chicago
273915,Isabella,Anderson,23-03-1981,Married,F,1,New_york
269395,Alvin,Andersen,27-03-1981,Married,F,1,New_york
272533,Andrew,Robinson,28-03-1981,Married,F,5,Anaheim
274959,Janelle,Madan,28-03-1981,Married,M,1,New_york
274278,Brian,Torres,29-03-1981,Married,M,4,seattle
267934,Jos├®,Martinez,3/4/1981,Married,M,10,Milwaukee
270663,Julio,Alonso,4/4/1981,Married,M,10,Milwaukee
272540,Raymond,Sai,4/4/1981,Married,M,4,seattle
269971,Allison,Rivera,4/4/1981,Single,F,5,Anaheim
269526,Isabella,Parker,8/4/1981,Single,F,7,Detroit
272427,Rebecca,Nicholls,9/4/1981,Single,F,1,New_york
272549,Paige,Peterson,10/4/1981,Single,M,6,Chicago
270543,Luke,Roberts,13-04-1981,Single,F,5,Anaheim
269689,Kaylee,Young,14-04-1981,Single,M,10,Milwaukee
274904,Jordyn,Griffin,14-04-1981,Single,M,3,New_Jersey
269886,Alexandria,Bell,17-04-1981,Single,M,7,Detroit
273461,Jackson,Scott,17-04-1981,Married,F,6,Chicago
267943,Brian,Cooper,17-04-1981,Married,F,7,Detroit
269429,Logan,Powell,17-04-1981,Married,M,3,New_Jersey
271181,Gavin,Long,18-04-1981,Married,M,8,Kansas_City
269168,Stephanie,Richardson,19-04-1981,Single,F,3,New_Jersey
270563,Stephanie,Parker,20-04-1981,Married,M,4,seattle
269220,Jaime,Shen,28-04-1981,Married,M,1,New_york
269151,Joe,Gill,29-04-1981,Married,F,2,Dallas
271611,Linda,Jimenez,1/5/1981,Single,F,1,New_york
272780,Ross,Munoz,4/5/1981,Married,M,10,Milwaukee
274338,Brendan,Kumar,7/5/1981,Married,F,10,Milwaukee
271435,Gerald,Moreno,7/5/1981,Married,F,1,New_york
268540,Victor,Moreno,7/5/1981,Single,M,9,California
267161,Michele,Perez,8/5/1981,Married,M,9,California
270796,Dana,Blanco,10/5/1981,Married,M,6,Chicago
270419,Steve,Guo,12/5/1981,Single,F,2,Dallas
268237,Patricia,Subram,12/5/1981,Single,F,7,Detroit
267636,Miguel,Carter,13-05-1981,Married,M,9,California
274679,Manuel,Perez,14-05-1981,Married,F,10,Milwaukee
272342,Roger,Huang,14-05-1981,Married,F,6,Chicago
269171,Manuel,Garcia,17-05-1981,Single,F,9,California
273707,Monica,Perez,18-05-1981,Married,F,1,New_york
274533,Dominique,Patel,19-05-1981,Married,M,4,seattle
268983,Kelli,Lu,21-05-1981,Married,M,3,New_Jersey
274415,Logan,Wright,22-05-1981,Married,M,1,New_york
269866,Spencer,Griffin,23-05-1981,Single,F,9,California
267279,Clayton,She,24-05-1981,Single,M,9,California
269772,Jon,Chavez,25-05-1981,Single,F,9,California
269802,Glenn,Cai,26-05-1981,Married,M,1,New_york
270094,Kari,Fernandez,27-05-1981,Married,M,5,Anaheim
273667,Julie,Shan,29-05-1981,Single,M,9,California
267748,Nina,Deng,29-05-1981,Single,M,1,New_york
274886,Audrey,Martin,2/6/1981,Single,F,9,California
269491,Charles,Taylor,3/6/1981,Single,F,8,Kansas_City
266943,Jason,Gonzales,5/6/1981,Married,F,9,California
268370,Mallory,Martin,5/6/1981,Single,F,7,Detroit
273314,Carl,Raje,6/6/1981,Single,F,7,Detroit
272350,Martha,Zheng,7/6/1981,Married,M,8,Kansas_City
271682,Franklin,Gao,8/6/1981,Married,F,2,Dallas
271509,Tammy,Randall,8/6/1981,Single,M,3,New_Jersey
271839,Bryan,Bailey,8/6/1981,Single,F,2,Dallas
268684,Logan,Li,8/6/1981,Married,F,9,California
267125,Colleen,Andersen,11/6/1981,Single,F,4,seattle
268243,Tina,Subram,16-06-1981,Married,F,10,Milwaukee
273790,Krystal,Zheng,20-06-1981,Married,F,9,California
273285,Dawn,Luo,22-06-1981,Married,M,1,New_york
271075,Gabriel,Hernandez,22-06-1981,Married,F,9,California
274716,Bryant,Mehta,23-06-1981,Married,F,7,Detroit
272849,Frederick,Rana,23-06-1981,Single,F,7,Detroit
273439,Richard,Perez,24-06-1981,Single,F,4,seattle
270320,Lisa,Zhou,25-06-1981,Married,F,7,Detroit
268568,Vanessa,Barnes,29-06-1981,Married,F,2,Dallas
269320,Sandra,Chen,29-06-1981,Single,F,3,New_Jersey
273384,Joanna,Munoz,3/7/1981,Single,M,9,California
273857,Kristen,Sun,5/7/1981,Married,F,6,Chicago
271371,Sarah,Walker,5/7/1981,Single,M,5,Anaheim
272759,Lacey,Lin,5/7/1981,Single,F,1,New_york
267325,Marissa,Henderson,5/7/1981,Single,M,1,New_york
274319,Jenny,Huang,7/7/1981,Single,F,4,seattle
268532,Dawn,Chander,7/7/1981,Single,M,4,seattle
267894,Max,Gill,8/7/1981,Single,F,8,Kansas_City
267604,Danny,Alvarez,9/7/1981,Married,F,2,Dallas
271733,Allen,Lopez,12/7/1981,Married,M,9,California
268429,Jay,Moyer,13-07-1981,Married,F,2,Dallas
268734,Margaret,Zheng,13-07-1981,Married,M,4,seattle
273579,Destiny,Wood,13-07-1981,Single,F,6,Chicago
270330,Kelvin,Ma,13-07-1981,Single,M,3,New_Jersey
274651,Candice,He,19-07-1981,Single,F,9,California
270547,Nathan,Harris,19-07-1981,Married,M,5,Anaheim
274767,Jessie,Travers,20-07-1981,Single,M,8,Kansas_City
271601,Randall,Carlson,20-07-1981,Single,M,5,Anaheim
269329,Andrea,Cox,21-07-1981,Single,M,4,seattle
267298,Eddie,Alvarez,24-07-1981,Single,F,6,Chicago
270930,Priscilla,Raji,26-07-1981,Single,M,3,New_Jersey
272044,Noah,Lewis,27-07-1981,Single,F,2,Dallas
275205,Naomi,Suarez,28-07-1981,Single,F,10,Milwaukee
270809,Hailey,Brooks,1/8/1981,Single,M,4,seattle
273535,Dominic,Sara,2/8/1981,Single,F,6,Chicago
272817,Alyssa,Lee,2/8/1981,Single,M,6,Chicago
269949,Jill,Rubio,4/8/1981,Single,M,2,Dallas
267682,Manuel,Madan,5/8/1981,Single,F,5,Anaheim
271184,Tommy,Pal,7/8/1981,Married,F,4,seattle
267632,Clayton,Kumar,7/8/1981,Single,M,8,Kansas_City
274292,Kenneth,Xie,7/8/1981,Single,F,2,Dallas
268394,Warren,Xie,9/8/1981,Single,M,1,New_york
268488,Phillip,Mehta,9/8/1981,Single,F,7,Detroit
270756,Shawn,Nara,10/8/1981,Married,F,1,New_york
270370,Lisa,Zheng,13-08-1981,Married,F,10,Milwaukee
270511,Kurt,Tang,13-08-1981,Married,M,6,Chicago
269073,Melissa,Blue,14-08-1981,Single,M,10,Milwaukee
267347,Preston,Rodriguez,15-08-1981,Single,M,10,Milwaukee
266810,Anthony,Thompson,16-08-1981,Single,F,3,New_Jersey
275107,Seth,Moore,16-08-1981,Single,F,1,New_york
274094,Ian,Robinson,18-08-1981,Single,M,1,New_york
272297,Connor,Zhang,20-08-1981,Single,M,1,New_york
267671,Kyle,Parker,23-08-1981,Married,F,8,Kansas_City
272892,Sarah,Washington,25-08-1981,Single,F,10,Milwaukee
272688,Ian,Scott,25-08-1981,Single,F,6,Chicago
272723,Victoria,Thompson,26-08-1981,Married,F,1,New_york
274789,Melanie,Richardson,1/9/1981,Married,M,3,New_Jersey
274956,Kristin,Deng,2/9/1981,Married,M,10,Milwaukee
269799,Olivia,Watson,4/9/1981,Married,M,10,Milwaukee
275077,Hailey,Rogers,4/9/1981,Married,F,6,Chicago
271893,Andrew,Walker,6/9/1981,Married,M,4,seattle
267775,Kevin,Long,8/9/1981,Married,M,10,Milwaukee
272433,Robin,Torres,9/9/1981,Married,F,8,Kansas_City
271613,Mariah,Foster,12/9/1981,Married,F,1,New_york
267660,Mya,Butler,14-09-1981,Married,M,3,New_Jersey
271077,Luke,Griffin,15-09-1981,Married,M,7,Detroit
267017,Shelby,Morris,17-09-1981,Single,F,10,Milwaukee
267690,Anna,Morgan,17-09-1981,Married,M,5,Anaheim
274475,Jonathan,Clark,18-09-1981,Married,F,10,Milwaukee
274930,Sarah,Gonzales,21-09-1981,Single,M,3,New_Jersey
267329,Alyssa,Henderson,22-09-1981,Married,F,4,seattle
272963,Russell,Jai,22-09-1981,Married,M,1,New_york
274380,Alyssa,Bryant,23-09-1981,Married,F,3,New_Jersey
271665,Samantha,Williams,25-09-1981,Married,M,6,Chicago
270351,Sebastian,Murphy,26-09-1981,Married,M,5,Anaheim
273992,Adam,Lal,29-09-1981,Married,M,8,Kansas_City
270811,Sebastian,Gray,1/10/1981,Married,F,6,Chicago
274328,Derrick,Hernandez,1/10/1981,Single,F,6,Chicago
273020,Marshall,Kumar,2/10/1981,Single,M,5,Anaheim
270856,Jasmine,Wood,2/10/1981,Single,M,7,Detroit
266818,Mariah,Russell,8/10/1981,Single,F,2,Dallas
267236,Brandon,Lal,8/10/1981,Single,M,8,Kansas_City
270459,Jada,Rogers,8/10/1981,Single,M,6,Chicago
270296,Brian,Howard,9/10/1981,Single,F,3,New_Jersey
272667,Rachel,Taylor,9/10/1981,Married,M,7,Detroit
272649,Nathan,Scott,12/10/1981,Married,F,6,Chicago
270670,Ian,Brown,12/10/1981,Single,M,7,Detroit
272047,Robert,Martin,13-10-1981,Single,F,9,California
271232,Jennifer,Carter,23-10-1981,Single,M,3,New_Jersey
270585,Aaron,Simmons,23-10-1981,Married,M,4,seattle
268461,Spencer,Diaz,25-10-1981,Single,F,6,Chicago
267801,Dalton,Carter,27-10-1981,Married,F,5,Anaheim
269630,Robyn,Ruiz,2/11/1981,Married,M,7,Detroit
270102,Isabella,Brooks,3/11/1981,Single,M,7,Detroit
274565,Hailey,Mitchell,4/11/1981,Single,F,9,California
268510,Carol,Washington,4/11/1981,Married,M,7,Detroit
275012,Richard,Baker,6/11/1981,Single,F,4,seattle
268863,Cameron,Jones,8/11/1981,Married,F,3,New_Jersey
269427,Isaac,Campbell,8/11/1981,Married,F,3,New_Jersey
274420,Oscar,Foster,8/11/1981,Married,M,10,Milwaukee
270146,Jeremiah,Simmons,9/11/1981,Married,M,8,Kansas_City
269260,Elijah,Hernandez,12/11/1981,Single,F,5,Anaheim
271464,Natalie,Thompson,13-11-1981,Married,F,4,seattle
274640,Christian,Henderson,14-11-1981,Married,M,8,Kansas_City
268892,Courtney,Evans,14-11-1981,Single,F,2,Dallas
274390,Misty,Xie,17-11-1981,Single,M,4,seattle
269481,Alyssa,Diaz,17-11-1981,Single,M,1,New_york
268383,Riley,Price,17-11-1981,Single,M,9,California
267426,Isabelle,Butler,18-11-1981,Single,M,1,New_york
271432,Andrea,Kelly,20-11-1981,Single,M,5,Anaheim
274022,Caroline,Simmons,22-11-1981,Single,M,1,New_york
272633,Angela,Rogers,23-11-1981,Single,F,3,New_Jersey
267577,Abigail,Bell,24-11-1981,Married,M,7,Detroit
272473,Allison,King,25-11-1981,Single,M,7,Detroit
269580,Eduardo,Ward,26-11-1981,Single,F,9,California
267215,Samuel,Allen,29-11-1981,Single,F,10,Milwaukee
273369,Armando,Blanco,1/12/1981,Single,M,4,seattle
274655,Grace,Smith,3/12/1981,Married,M,9,California
270520,Amanda,Rogers,5/12/1981,Single,F,9,California
267302,Joseph,Jones,7/12/1981,Married,M,9,California
268087,Jackson,Foster,7/12/1981,Married,F,5,Anaheim
267030,Steven,Howard,8/12/1981,Single,F,9,California
274952,Hannah,Hall,10/12/1981,Single,F,2,Dallas
268960,Wyatt,Barnes,10/12/1981,Single,M,4,seattle
269445,Dalton,Hill,11/12/1981,Single,M,7,Detroit
269256,Gabriel,Gonzales,13-12-1981,Single,F,6,Chicago
269966,Nathaniel,Morris,13-12-1981,Married,M,1,New_york
273310,Robert,Hayes,13-12-1981,Single,F,2,Dallas
270693,Samantha,Coleman,14-12-1981,Married,F,1,New_york
271239,Luke,Hernandez,14-12-1981,Married,M,5,Anaheim
273931,Timothy,Sanchez,16-12-1981,Married,M,4,seattle
269233,Isabella,Richardson,20-12-1981,Married,M,9,California
267768,Luis,Young,20-12-1981,Married,M,3,New_Jersey
269538,Kimberly,Sanchez,20-12-1981,Married,F,6,Chicago
272411,Nathan,Wilson,26-12-1981,Married,M,9,California
270592,Victoria,Ware,1/1/1982,Single,F,6,Chicago
271656,Alejandro,Cai,3/1/1982,Married,M,6,Chicago
271697,Eduardo,Ramirez,3/1/1982,Single,F,4,seattle
270033,Emma,Simmons,4/1/1982,Single,M,3,New_Jersey
274017,Brittany,Hayes,4/1/1982,Married,F,10,Milwaukee
268371,Seth,Long,5/1/1982,Married,M,1,New_york
267145,Kelly,Bryant,7/1/1982,Married,F,6,Chicago
274083,Andrew,Moore,9/1/1982,Married,M,9,California
269402,Yolanda,Luo,12/1/1982,Married,M,3,New_Jersey
271961,Jason,Powell,15-01-1982,Married,M,1,New_york
273544,Megan,Hughes,21-01-1982,Married,F,1,New_york
273256,Susan,Ma,21-01-1982,Single,F,6,Chicago
270740,Dwayne,Ramos,24-01-1982,Married,F,9,California
268562,Meredith,Hernandez,24-01-1982,Married,F,2,Dallas
271175,Dylan,Hughes,24-01-1982,Single,F,8,Kansas_City
270655,Franklin,Ye,27-01-1982,Married,M,3,New_Jersey
266882,Theresa,Munoz,27-01-1982,Married,M,9,California
270382,Eddie,Ramos,29-01-1982,Married,F,9,California
267560,Andres,Raji,3/2/1982,Married,M,2,Dallas
270561,Dawn,Ma,3/2/1982,Single,F,10,Milwaukee
272685,Meredith,Munoz,4/2/1982,Single,F,7,Detroit
274919,Diane,Martin,5/2/1982,Married,M,1,New_york
267774,Ebony,Carlson,8/2/1982,Married,M,4,seattle
274644,Lacey,Kumar,12/2/1982,Single,M,8,Kansas_City
268651,Shawna,Raji,16-02-1982,Married,M,1,New_york
271336,Dawn,Li,17-02-1982,Married,M,5,Anaheim
271330,Veronica,Patel,20-02-1982,Married,M,1,New_york
272457,Jasmine,Lewis,22-02-1982,Single,F,9,California
272229,Barry,Sara,26-02-1982,Married,F,3,New_Jersey
270571,Darren,Dominguez,26-02-1982,Married,F,1,New_york
269045,Glenn,Zhang,26-02-1982,Single,M,5,Anaheim
269318,Lydia,Sai,26-02-1982,Single,M,4,seattle
270116,Roy,Martinez,3/3/1982,Single,M,10,Milwaukee
269303,Pedro,Rana,3/3/1982,Single,F,2,Dallas
268478,Bianca,Zhao,6/3/1982,Single,M,6,Chicago
270349,Eugene,Liang,7/3/1982,Single,M,2,Dallas
267706,Bethany,Shan,9/3/1982,Single,M,3,New_Jersey
271294,Tina,Chandra,11/3/1982,Married,F,2,Dallas
273764,Johnny,Raje,13-03-1982,Single,M,8,Kansas_City
269916,Emmanuel,Smith,15-03-1982,Married,F,9,California
270225,Alexandra,Brown,16-03-1982,Married,F,7,Detroit
273193,Zoe,Peterson,17-03-1982,Married,F,10,Milwaukee
272914,Chloe,Jenkins,18-03-1982,Single,M,1,New_york
270325,Margaret,Liu,19-03-1982,Single,F,3,New_Jersey
269190,Joy,Carlson,21-03-1982,Married,F,3,New_Jersey
275094,Clarence,Chander,23-03-1982,Married,M,10,Milwaukee
268521,Logan,Collins,23-03-1982,Married,F,9,California
271054,Adrian,Richardson,23-03-1982,Single,F,2,Dallas
269242,Alexis,Wood,23-03-1982,Married,F,1,New_york
270940,Chloe,Anderson,23-03-1982,Married,M,3,New_Jersey
269480,Eduardo,Collins,26-03-1982,Single,F,8,Kansas_City
273598,Miguel,White,27-03-1982,Single,M,9,California
271482,Chloe,Bradley,27-03-1982,Single,M,5,Anaheim
271823,Stephanie,Wood,28-03-1982,Single,M,10,Milwaukee
272766,Jack,Hayes,29-03-1982,Married,M,1,New_york
268930,Gregory,Xie,29-03-1982,Single,F,4,seattle
272673,Zachary,Patterson,3/4/1982,Married,F,7,Detroit
267881,Isaac,Cook,3/4/1982,Married,F,5,Anaheim
270700,Michele,Black,4/4/1982,Married,F,5,Anaheim
271971,Marie,Perez,5/4/1982,Married,F,2,Dallas
267216,Raquel,Hernandez,9/4/1982,Married,M,8,Kansas_City
273651,Ethan,Martin,12/4/1982,Married,M,7,Detroit
272031,Elijah,Gonzales,13-04-1982,Married,F,1,New_york
268359,Terry,Sharma,13-04-1982,Single,M,2,Dallas
274760,Hunter,Hill,14-04-1982,Single,F,9,California
274223,Jacqueline,Reed,16-04-1982,Single,F,5,Anaheim
271460,Angel,Ramirez,17-04-1982,Single,M,3,New_Jersey
272285,Caitlin,Kelly,17-04-1982,Married,M,7,Detroit
271264,Noah,Hughes,18-04-1982,Married,M,7,Detroit
274665,Brianna,Walker,19-04-1982,Married,F,5,Anaheim
271413,Rebekah,Garcia,20-04-1982,Married,M,6,Chicago
274186,Karen,Liu,20-04-1982,Married,M,3,New_Jersey
270091,Brandy,Prasad,20-04-1982,Married,M,4,seattle
272820,Thomas,Moore,24-04-1982,Married,F,5,Anaheim
275127,Roger,Shen,25-04-1982,Single,M,8,Kansas_City
269426,Eddie,Vazquez,27-04-1982,Married,M,2,Dallas
271258,Jimmy,Blanco,29-04-1982,Married,M,3,New_Jersey
268679,Leslie,Serrano,29-04-1982,Married,F,5,Anaheim
267022,Kurt,Lal,1/5/1982,Married,F,8,Kansas_City
267210,Mary,Sandidge,3/5/1982,Married,F,2,Dallas
274781,Chloe,Rodriguez,3/5/1982,Single,F,5,Anaheim
274940,Nina,Rai,4/5/1982,Married,F,10,Milwaukee
268354,Kathleen,Romero,5/5/1982,Married,M,2,Dallas
274451,Kristine,Dominguez,5/5/1982,Single,M,7,Detroit
272807,Michelle,Richardson,5/5/1982,Single,M,4,seattle
268292,Taylor,Lee,6/5/1982,Single,M,7,Detroit
275068,Beth,Carlson,8/5/1982,Single,M,2,Dallas
272115,Hannah,Moore,10/5/1982,Single,M,10,Milwaukee
271383,Robert,Alexander,11/5/1982,Married,M,6,Chicago
269028,Chloe,Butler,13-05-1982,Single,F,2,Dallas
271942,Carlos,Perez,14-05-1982,Married,F,2,Dallas
274689,Patricia,Srini,15-05-1982,Single,M,6,Chicago
271504,Christina,Morris,16-05-1982,Married,F,9,California
274056,Lawrence,Sanz,17-05-1982,Single,M,9,California
274734,Ruben,Suarez,20-05-1982,Married,F,7,Detroit
272389,Arthur,Chandra,21-05-1982,Married,F,4,seattle
271357,Melinda,Torres,22-05-1982,Single,M,8,Kansas_City
268571,Dennis,Liang,25-05-1982,Single,F,2,Dallas
274428,Hunter,Hughes,26-05-1982,Single,F,3,New_Jersey
270439,Amanda,Torres,29-05-1982,Married,F,2,Dallas
274626,Lydia,Sara,1/6/1982,Married,F,7,Detroit
269732,Madison,Foster,2/6/1982,Married,M,2,Dallas
274045,Nathan,Wang,3/6/1982,Single,M,7,Detroit
273910,Stephanie,Morris,3/6/1982,Single,M,9,California
266960,Danielle,Bell,5/6/1982,Single,F,1,New_york
269901,Stephanie,Adams,7/6/1982,Married,F,8,Kansas_City
270893,Mary,Gonzalez,9/6/1982,Single,M,9,California
269631,Thomas,Wright,9/6/1982,Married,F,3,New_Jersey
267018,Tanya,Ramos,12/6/1982,Married,M,10,Milwaukee
272513,Cheryl,Sanz,17-06-1982,Married,M,10,Milwaukee
274646,Linda,Alvarez,18-06-1982,Single,F,10,Milwaukee
272964,Wyatt,Mitchell,19-06-1982,Married,F,7,Detroit
268434,Gina,Hernandez,19-06-1982,Married,M,10,Milwaukee
274706,Manuel,Lopez,21-06-1982,Single,F,10,Milwaukee
272680,Nathaniel,Rivera,21-06-1982,Single,F,6,Chicago
271395,Jorge,Ma,23-06-1982,Single,F,1,New_york
267152,Tamara,Huang,24-06-1982,Single,M,6,Chicago
272575,Reginald,Martin,28-06-1982,Married,M,3,New_Jersey
267716,Alejandro,Kumar,28-06-1982,Married,M,3,New_Jersey
269451,Nelson,Sanz,2/7/1982,Married,M,4,seattle
271233,Lance,Alonso,3/7/1982,Married,M,3,New_Jersey
274122,Johnny,Anand,3/7/1982,Single,F,10,Milwaukee
273254,Rodney,Ramos,5/7/1982,Married,M,3,New_Jersey
269595,Cedric,Sharma,8/7/1982,Married,F,10,Milwaukee
269281,Naomi,Torres,9/7/1982,Married,M,9,California
273269,Madison,Clark,9/7/1982,Single,M,3,New_Jersey
268486,Patrick,Sands,11/7/1982,Single,F,6,Chicago
272544,Stacey,Li,11/7/1982,Single,M,3,New_Jersey
270059,Samuel,Diaz,14-07-1982,Single,F,4,seattle
268066,Melody,Jimenez,14-07-1982,Single,M,10,Milwaukee
268515,Larry,Sanz,15-07-1982,Single,F,10,Milwaukee
269217,Brent,McDonald,15-07-1982,Married,F,2,Dallas
274426,Joy,Serrano,16-07-1982,Married,F,8,Kansas_City
273149,Ricky,Alonso,16-07-1982,Single,F,9,California
271853,Jack,Li,16-07-1982,Single,M,5,Anaheim
274803,Allen,Smith,17-07-1982,Married,M,6,Chicago
272913,Gabriel,Alexander,17-07-1982,Married,F,2,Dallas
269485,Barbara,Xu,18-07-1982,Married,F,10,Milwaukee
274314,Robert,Harris,19-07-1982,Single,M,6,Chicago
272336,Justin,Ross,19-07-1982,Married,F,1,New_york
268812,Bryan,Townsend,20-07-1982,Single,M,3,New_Jersey
275249,Ryan,Alexander,20-07-1982,Married,M,2,Dallas
266819,Lauren,Price,22-07-1982,Single,M,8,Kansas_City
267781,Cynthia,Srini,24-07-1982,Single,F,5,Anaheim
270233,Nicole,Butler,25-07-1982,Married,F,6,Chicago
270347,Johnny,Jai,27-07-1982,Single,F,8,Kansas_City
273255,Nathan,Lopez,28-07-1982,Married,M,9,California
272995,Robert,Lal,28-07-1982,Single,F,7,Detroit
274362,Nathan,Garcia,1/8/1982,Married,M,10,Milwaukee
270917,Maurice,Chander,5/8/1982,Married,F,7,Detroit
268952,Harold,Garcia,6/8/1982,Single,F,2,Dallas
268129,Alexandra,Lopez,7/8/1982,Single,F,9,California
269508,Kaitlyn,Gray,7/8/1982,Single,M,4,seattle
275143,Jennifer,Lewis,8/8/1982,Married,F,9,California
268622,Logan,Thomas,12/8/1982,Single,M,8,Kansas_City
271447,Maurice,Nath,12/8/1982,Single,M,8,Kansas_City
270049,Jillian,Arthur,12/8/1982,Single,M,7,Detroit
272686,Amanda,Russell,14-08-1982,Single,M,10,Milwaukee
270162,Paige,Griffin,14-08-1982,Married,M,6,Chicago
273592,Samuel,Green,15-08-1982,Single,F,5,Anaheim
272755,Johnathan,Srini,16-08-1982,Married,F,7,Detroit
267430,Allison,Lopez,18-08-1982,Married,F,6,Chicago
266922,Rafael,Lin,21-08-1982,Married,F,3,New_Jersey
267331,Alisha,Xu,23-08-1982,Married,F,9,California
273793,Franklin,Lal,26-08-1982,Married,M,7,Detroit
267576,Lisa,Huang,26-08-1982,Single,F,5,Anaheim
269957,Monique,Blanco,29-08-1982,Single,M,5,Anaheim
272030,Sydney,James,2/9/1982,Single,F,8,Kansas_City
271703,Jackson,Zhang,4/9/1982,Single,F,6,Chicago
269161,Melissa,Hughes,6/9/1982,Single,M,10,Milwaukee
273934,Alexandra,Garcia,8/9/1982,Single,M,3,New_Jersey
270357,Thomas,Yang,12/9/1982,Single,M,1,New_york
271036,Aidan,Gonzales,13-09-1982,Married,F,7,Detroit
269351,Dakota,Simmons,13-09-1982,Single,M,4,seattle
270492,Michael,Anderson,14-09-1982,Single,F,7,Detroit
272502,Charles,Sanchez,15-09-1982,Single,F,2,Dallas
271721,Natalie,Lopez,17-09-1982,Single,M,8,Kansas_City
269331,Chloe,Martin,17-09-1982,Married,M,5,Anaheim
271927,Samantha,Gonzales,17-09-1982,Single,F,8,Kansas_City
270432,Brianna,Torres,17-09-1982,Single,M,7,Detroit
274087,Emma,Cook,17-09-1982,Single,M,4,seattle
267562,Elizabeth,Ross,19-09-1982,Single,M,9,California
271241,Paige,Cooper,19-09-1982,Single,F,7,Detroit
267053,Gabrielle,Cooper,20-09-1982,Married,M,9,California
268062,Devon,Goel,20-09-1982,Single,M,10,Milwaukee
271717,Kaitlyn,Miller,21-09-1982,Married,M,6,Chicago
267021,Erick,Mehta,21-09-1982,Married,M,1,New_york
273959,Justin,Li,23-09-1982,Married,F,8,Kansas_City
272222,Shane,Gonzalez,24-09-1982,Single,F,1,New_york
273599,Andy,Dominguez,24-09-1982,Married,M,3,New_Jersey
268470,Lacey,Zhang,25-09-1982,Married,M,4,seattle
275175,Ian,Harris,26-09-1982,Single,F,3,New_Jersey
267455,Monica,Martinez,27-09-1982,Married,F,3,New_Jersey
271472,Rebekah,Serrano,27-09-1982,Married,F,5,Anaheim
272264,Javier,Navarro,27-09-1982,Married,F,7,Detroit
267180,Brandon,Ross,28-09-1982,Single,M,6,Chicago
273741,Ricardo,Kumar,28-09-1982,Single,M,3,New_Jersey
267615,Cassandra,Fernandez,3/10/1982,Single,F,3,New_Jersey
266953,Clayton,Xie,4/10/1982,Married,F,10,Milwaukee
274006,Louis,She,8/10/1982,Married,F,10,Milwaukee
272357,Joy,Ruiz,9/10/1982,Married,F,6,Chicago
274938,Vincent,He,10/10/1982,Single,F,5,Anaheim
268070,Meredith,Sai,12/10/1982,Married,F,1,New_york
272804,Meagan,Sai,12/10/1982,Married,F,5,Anaheim
271672,Ana,Bryant,12/10/1982,Single,F,1,New_york
268335,Damien,Zheng,17-10-1982,Married,F,7,Detroit
266814,Jill,Sandoval,18-10-1982,Single,F,9,California
272376,Lee,Gutierrez,21-10-1982,Married,M,7,Detroit
274724,Jessie,Ye,25-10-1982,Single,M,5,Anaheim
270858,Toni,Sara,27-10-1982,Married,F,10,Milwaukee
270523,Marcus,Rivera,27-10-1982,Married,F,9,California
274750,Shaun,Sharma,29-10-1982,Married,M,8,Kansas_City
274033,Donald,Srini,1/11/1982,Married,F,1,New_york
268760,Billy,Munoz,1/11/1982,Married,M,1,New_york
274048,Marie,Martin,2/11/1982,Single,F,1,New_york
271831,Luke,Turner,3/11/1982,Single,F,7,Detroit
272300,Dylan,Lewis,4/11/1982,Single,F,6,Chicago
270555,Willie,Gao,5/11/1982,Married,M,9,California
274210,Olivia,Morris,6/11/1982,Married,M,3,New_Jersey
269606,Preston,Gonzalez,6/11/1982,Single,M,2,Dallas
271836,Willie,Xu,10/11/1982,Single,F,6,Chicago
267260,Craig,Moreno,10/11/1982,Single,M,9,California
267877,Jay,Malhotra,12/11/1982,Single,F,5,Anaheim
273890,Brittney,Hu,16-11-1982,Married,F,7,Detroit
268591,Claudia,Li,16-11-1982,Single,F,2,Dallas
269672,Brett,Garcia,16-11-1982,Married,F,10,Milwaukee
271498,Ebony,Garcia,19-11-1982,Married,F,6,Chicago
267051,Kari,Smith,19-11-1982,Single,F,10,Milwaukee
274273,Natalie,Gray,19-11-1982,Single,F,8,Kansas_City
271689,Elizabeth,Jenkins,21-11-1982,Married,F,2,Dallas
270578,Pamela,Subram,23-11-1982,Single,F,2,Dallas
269881,Edwin,Guo,25-11-1982,Married,M,10,Milwaukee
266812,Carmen,Martinez,26-11-1982,Single,M,5,Anaheim
270976,Rebekah,Moreno,28-11-1982,Single,M,7,Detroit
269544,Michele,Lal,28-11-1982,Single,F,2,Dallas
273818,Carla,Garcia,29-11-1982,Single,F,5,Anaheim
268132,Tonya,Shan,4/12/1982,Married,M,3,New_Jersey
272617,Alberto,Diaz,5/12/1982,Married,F,7,Detroit
269125,Cynthia,Mehta,6/12/1982,Married,F,4,seattle
272232,Mindy,Rai,6/12/1982,Married,M,5,Anaheim
274587,Kenneth,Nara,6/12/1982,Married,M,8,Kansas_City
269413,Katie,Raje,6/12/1982,Single,M,8,Kansas_City
269301,Claudia,Xu,12/12/1982,Single,F,1,New_york
272393,Henry,Patel,13-12-1982,Married,F,9,California
269221,Adriana,Chandra,13-12-1982,Married,F,10,Milwaukee
271050,Steve,Lin,17-12-1982,Married,F,10,Milwaukee
274255,Robyn,Carlson,19-12-1982,Single,F,4,seattle
273730,Caleb,Jenkins,21-12-1982,Married,M,2,Dallas
267863,Frank,Vazquez,21-12-1982,Single,M,6,Chicago
271405,Katrina,Tang,22-12-1982,Married,F,10,Milwaukee
271993,Eugene,Lu,22-12-1982,Married,M,2,Dallas
267076,Meagan,Sanchez,23-12-1982,Married,F,4,seattle
272692,Krista,Martin,26-12-1982,Married,F,2,Dallas
268351,Candace,Patel,27-12-1982,Married,M,3,New_Jersey
267376,Derrick,Martin,29-12-1982,Married,M,6,Chicago
269807,Ronald,Kapoor,1/1/1983,Married,M,3,New_Jersey
267333,Pamela,Vance,1/1/1983,Single,F,9,California
274840,Cassie,Rai,6/1/1983,Married,M,6,Chicago
273804,Clinton,Blanco,9/1/1983,Single,M,3,New_Jersey
275144,Felicia,Dominguez,13-01-1983,Married,F,3,New_Jersey
274200,Frank,Gill,14-01-1983,Married,F,1,New_york
274806,Daisy,Romero,15-01-1983,Married,M,8,Kansas_City
273554,Samuel,Anderson,15-01-1983,Married,M,4,seattle
269200,Colleen,Goel,16-01-1983,Married,M,2,Dallas
273848,Marie,Serrano,16-01-1983,Married,M,2,Dallas
273115,Clayton,Zeng,21-01-1983,Single,F,6,Chicago
270853,Seth,Rodriguez,21-01-1983,Single,F,3,New_Jersey
272882,Chelsea,Sara,22-01-1983,Married,M,4,seattle
273927,Wesley,Wu,23-01-1983,Single,F,7,Detroit
271985,Edwin,West,26-01-1983,Married,F,10,Milwaukee
268790,Jos├®,Saraiva,27-01-1983,Married,M,8,Kansas_City
268277,Eugene,Xu,1/2/1983,Single,F,8,Kansas_City
274762,Craig,Ramos,2/2/1983,Married,M,9,California
275183,Jenny,Tang,3/2/1983,Married,F,9,California
270857,Emma,Bradley,4/2/1983,Single,M,4,seattle
274079,Erick,Madan,5/2/1983,Single,F,7,Detroit
268607,Autumn,Guo,8/2/1983,Married,F,2,Dallas
269940,Robyn,Munoz,14-02-1983,Single,F,3,New_Jersey
273080,Stacey,Yang,16-02-1983,Single,F,7,Detroit
273729,Edwin,Zheng,17-02-1983,Single,F,1,New_york
271955,Terrance,Lopez,18-02-1983,Single,M,9,California
270074,Karl,Kumar,20-02-1983,Single,M,10,Milwaukee
268640,Christy,Ye,23-02-1983,Single,M,10,Milwaukee
272228,Latasha,Romero,23-02-1983,Married,M,9,California
273450,Glenn,Zhao,23-02-1983,Single,F,9,California
273121,Dawn,Zhang,26-02-1983,Single,M,3,New_Jersey
268338,Larry,Rubio,28-02-1983,Married,F,1,New_york
274413,Tamara,She,6/3/1983,Single,M,2,Dallas
268736,Alisha,Chen,6/3/1983,Married,M,3,New_Jersey
273086,Heidi,Mehta,7/3/1983,Single,F,9,California
273472,Alison,Xu,8/3/1983,Married,M,4,seattle
267754,Arturo,Raje,8/3/1983,Single,M,2,Dallas
267332,Allen,Perez,8/3/1983,Single,F,1,New_york
268003,Luis,Coleman,8/3/1983,Single,F,1,New_york
274414,Kari,Sai,9/3/1983,Married,F,3,New_Jersey
267739,Omar,Huang,10/3/1983,Married,M,8,Kansas_City
269016,Ricardo,She,12/3/1983,Single,F,8,Kansas_City
268628,Gina,Romero,13-03-1983,Single,F,7,Detroit
274168,Larry,Alvarez,13-03-1983,Married,M,1,New_york
268758,Abigail,Richardson,15-03-1983,Married,F,4,seattle
269972,Kate,Andersen,17-03-1983,Married,M,3,New_Jersey
270558,Jay,Gonzalez,17-03-1983,Married,F,7,Detroit
273955,Maria,Peterson,18-03-1983,Married,F,8,Kansas_City
274266,Caroline,Foster,19-03-1983,Married,M,9,California
267106,Grace,Wood,19-03-1983,Married,M,3,New_Jersey
274934,Rafael,Ye,22-03-1983,Married,M,4,seattle
267565,Gregory,Winston,29-03-1983,Single,M,9,California
270188,Jennifer,Griffin,29-03-1983,Married,M,2,Dallas
274139,Ana,Russell,29-03-1983,Married,F,1,New_york
267447,Devin,Garcia,4/4/1983,Single,M,5,Anaheim
271365,Hunter,Allen,4/4/1983,Married,M,3,New_Jersey
273836,Misty,Tang,5/4/1983,Married,M,10,Milwaukee
270636,Eduardo,Thomas,5/4/1983,Married,M,10,Milwaukee
271038,Adam,Collins,6/4/1983,Single,M,10,Milwaukee
274326,Alex,Brooks,7/4/1983,Married,F,7,Detroit
274395,Destiny,Cook,7/4/1983,Married,F,6,Chicago
275131,Eduardo,Scott,8/4/1983,Single,F,10,Milwaukee
270087,Tabitha,Gill,8/4/1983,Married,F,5,Anaheim
272404,Jonathan,Jackson,9/4/1983,Single,F,6,Chicago
274541,Elizabeth,Robinson,10/4/1983,Single,M,8,Kansas_City
267965,James,Carter,11/4/1983,Married,M,6,Chicago
269239,Haley,Foster,12/4/1983,Single,F,7,Detroit
268601,Antonio,Flores,14-04-1983,Single,M,7,Detroit
269459,Frank,Ruiz,17-04-1983,Single,M,2,Dallas
269659,Meredith,Subram,18-04-1983,Single,F,8,Kansas_City
273183,Jon,He,18-04-1983,Married,F,6,Chicago
270372,Nina,Lal,20-04-1983,Single,F,1,New_york
270261,Karl,Lal,21-04-1983,Single,F,8,Kansas_City
274070,Garrett,Bell,21-04-1983,Single,F,10,Milwaukee
266992,Cory,Patel,23-04-1983,Married,F,9,California
272670,Lauren,Wood,24-04-1983,Single,F,3,New_Jersey
271870,Isabella,Roberts,28-04-1983,Single,M,7,Detroit
271298,Tony,She,1/5/1983,Married,M,5,Anaheim
272035,James,Ross,1/5/1983,Single,F,2,Dallas
273968,Lucas,Wright,4/5/1983,Married,F,3,New_Jersey
273950,Sydney,Ward,5/5/1983,Single,F,6,Chicago
273459,Angel,Parker,11/5/1983,Single,M,4,seattle
274575,Edward,Williams,12/5/1983,Married,M,9,California
267241,Arthur,Prasad,12/5/1983,Single,M,5,Anaheim
267476,Melody,Suarez,13-05-1983,Single,F,3,New_Jersey
272286,Jerry,She,13-05-1983,Single,M,8,Kansas_City
272330,Olivia,Sanchez,16-05-1983,Married,M,7,Detroit
273217,Taylor,Barnes,16-05-1983,Married,M,2,Dallas
274878,Isaac,Oliver,16-05-1983,Single,M,7,Detroit
272886,Daniel,Wilson,17-05-1983,Single,M,3,New_Jersey
274598,Brianna,Lewis,19-05-1983,Single,M,10,Milwaukee
272365,Seth,Simmons,19-05-1983,Single,F,9,California
267681,Wyatt,Anderson,20-05-1983,Single,M,5,Anaheim
274955,Taylor,Hughes,21-05-1983,Single,F,10,Milwaukee
274917,Kristine,Hernandez,22-05-1983,Married,F,6,Chicago
268431,Derek,Xie,24-05-1983,Single,F,8,Kansas_City
269195,Christina,Ramirez,25-05-1983,Single,M,5,Anaheim
273829,Jessica,Martinez,26-05-1983,Single,M,4,seattle
268395,Jonathan,Wilson,2/6/1983,Single,M,10,Milwaukee
268573,Tyler,White,2/6/1983,Single,F,10,Milwaukee
267771,Isabella,Ross,4/6/1983,Single,F,7,Detroit
267227,Kyle,Campbell,9/6/1983,Married,F,6,Chicago
273503,Steven,Gray,10/6/1983,Married,F,8,Kansas_City
272802,Hannah,Thomas,10/6/1983,Single,M,2,Dallas
268008,Benjamin,Russell,10/6/1983,Married,M,1,New_york
273322,Kristin,Raji,10/6/1983,Married,F,1,New_york
271107,Kaitlyn,Jenkins,13-06-1983,Married,M,5,Anaheim
274471,Jermaine,Chandra,15-06-1983,Married,M,7,Detroit
267212,Colin,He,15-06-1983,Single,F,9,California
274003,Ruben,Vazquez,17-06-1983,Married,F,4,seattle
269821,April,Beck,19-06-1983,Single,M,8,Kansas_City
273477,Briana,Ramos,21-06-1983,Married,M,7,Detroit
274961,Jacquelyn,Jimenez,24-06-1983,Married,F,8,Kansas_City
268649,Brendan,Shen,26-06-1983,Married,M,1,New_york
268245,Byron,Ramos,28-06-1983,Married,M,7,Detroit
271011,Ross,Perez,28-06-1983,Married,F,9,California
267277,Marie,Ramos,29-06-1983,Single,F,1,New_york
270699,Orlando,Sanz,2/7/1983,Single,M,3,New_Jersey
274862,Jon,Zeng,4/7/1983,Single,M,5,Anaheim
272521,Erik,Alvarez,5/7/1983,Single,F,6,Chicago
272050,Claudia,Lin,7/7/1983,Married,F,3,New_Jersey
271849,Christian,Smith,7/7/1983,Married,M,8,Kansas_City
269373,Katherine,Cooper,8/7/1983,Married,F,3,New_Jersey
272959,Carl,Chander,9/7/1983,Single,M,1,New_york
268844,Leonard,Anand,12/7/1983,Married,F,7,Detroit
272327,Steve,Liang,14-07-1983,Single,F,6,Chicago
268472,Seth,Rogers,15-07-1983,Married,M,6,Chicago
269511,Renee,Sanz,17-07-1983,Married,M,5,Anaheim
269187,Amy,Hu,17-07-1983,Married,F,7,Detroit
271887,Jackson,Evans,22-07-1983,Married,F,2,Dallas
270293,Sydney,Thomas,22-07-1983,Single,M,4,seattle
267704,Colin,Tang,22-07-1983,Single,M,6,Chicago
274515,Jessie,Alvarez,23-07-1983,Single,F,1,New_york
269763,Crystal,Li,25-07-1983,Single,F,7,Detroit
273911,Joe,Perez,29-07-1983,Single,F,6,Chicago
272920,Kyle,Butler,1/8/1983,Single,M,3,New_Jersey
269657,Andrea,Rogers,2/8/1983,Single,M,1,New_york
270754,Holly,Sanchez,5/8/1983,Single,F,9,California
271104,Matthew,Harris,7/8/1983,Married,F,7,Detroit
274318,Timothy,Murphy,9/8/1983,Single,M,6,Chicago
270081,Jade,Rogers,10/8/1983,Single,F,4,seattle
268660,Bobby,Suri,11/8/1983,Single,F,2,Dallas
267580,Patrick,Murphy,14-08-1983,Married,M,3,New_Jersey
272580,Allison,Cox,14-08-1983,Married,M,7,Detroit
268614,Gabriel,Baker,16-08-1983,Married,F,4,seattle
268854,Olivia,Coleman,17-08-1983,Single,F,4,seattle
267258,Natalie,Taylor,19-08-1983,Married,M,3,New_Jersey
267272,Brandy,Suri,20-08-1983,Single,F,7,Detroit
269154,Miranda,Butler,22-08-1983,Single,M,7,Detroit
271986,Sean,Sanders,22-08-1983,Married,F,10,Milwaukee
267232,Beth,Ruiz,25-08-1983,Single,F,1,New_york
268968,Xavier,Turner,28-08-1983,Married,M,3,New_Jersey
275049,Kurt,Xie,1/9/1983,Single,M,2,Dallas
272151,Kristi,Rodriguez,4/9/1983,Married,M,4,seattle
268548,Evelyn,Perez,5/9/1983,Single,M,10,Milwaukee
268551,Tara,Goel,6/9/1983,Single,F,8,Kansas_City
271355,Alex,Scott,8/9/1983,Married,F,2,Dallas
271937,Nicole,Griffin,10/9/1983,Married,F,10,Milwaukee
273207,Emily,Moore,11/9/1983,Single,F,1,New_york
267511,Riley,Gray,11/9/1983,Single,M,5,Anaheim
272194,Melissa,Butler,12/9/1983,Single,M,4,seattle
273004,Erin,Reed,13-09-1983,Single,F,6,Chicago
267367,Seth,Green,14-09-1983,Single,F,3,New_Jersey
272661,Ian,King,14-09-1983,Married,M,1,New_york
271338,Isabella,Baker,15-09-1983,Single,M,4,seattle
272032,Dalton,Collins,15-09-1983,Married,M,3,New_Jersey
274883,Amanda,Watson,18-09-1983,Married,M,9,California
269274,Eduardo,Henderson,18-09-1983,Married,F,4,seattle
270433,Samantha,Patterson,19-09-1983,Single,M,5,Anaheim
270113,Franklin,Raje,19-09-1983,Married,F,4,seattle
274068,Roberto,Gill,19-09-1983,Single,F,4,seattle
274702,Natalie,Long,21-09-1983,Single,M,10,Milwaukee
269292,Mario,Rai,22-09-1983,Married,F,5,Anaheim
268516,Evan,Ward,22-09-1983,Married,F,10,Milwaukee
270012,Anna,Brooks,24-09-1983,Single,M,2,Dallas
270083,Courtney,Green,26-09-1983,Single,M,3,New_Jersey
267980,Richard,Thompson,28-09-1983,Married,M,8,Kansas_City
268226,Devin,Sanchez,1/10/1983,Married,F,3,New_Jersey
269516,Meghan,Dominguez,1/10/1983,Married,F,10,Milwaukee
266935,Jeremiah,Lewis,3/10/1983,Married,F,1,New_york
272997,Kaitlyn,Washington,7/10/1983,Married,M,10,Milwaukee
274987,Ricardo,Jai,8/10/1983,Married,M,2,Dallas
273993,David,Yang,11/10/1983,Married,M,9,California
272268,Alexandra,Moore,14-10-1983,Married,F,1,New_york
268372,Faith,Torres,14-10-1983,Single,M,6,Chicago
270549,Paula,Ruiz,16-10-1983,Single,F,6,Chicago
271191,Cory,Mehta,16-10-1983,Single,F,7,Detroit
272908,Richard,Foster,19-10-1983,Married,M,3,New_Jersey
273787,Kaylee,Watson,24-10-1983,Married,M,1,New_york
266885,Alexa,Cooper,26-10-1983,Single,M,5,Anaheim
269135,Darren,Blanco,1/11/1983,Single,F,10,Milwaukee
274057,Marvin,Ferrier,6/11/1983,Married,M,7,Detroit
271973,Rachel,Miller,6/11/1983,Married,M,6,Chicago
267119,Maria,Hall,7/11/1983,Married,F,7,Detroit
275079,Marissa,Wood,8/11/1983,Single,M,7,Detroit
270106,Brittany,Hughes,9/11/1983,Married,M,2,Dallas
269038,Kaylee,Rogers,17-11-1983,Married,M,1,New_york
268216,Ryan,Harris,17-11-1983,Married,M,2,Dallas
271026,Logan,Kumar,19-11-1983,Married,F,10,Milwaukee
268174,Jason,Long,22-11-1983,Married,M,2,Dallas
273640,Justin,Jackson,23-11-1983,Married,F,3,New_Jersey
274025,Jos├®,Perez,26-11-1983,Single,F,8,Kansas_City
274243,Jacob,Rodriguez,26-11-1983,Married,M,10,Milwaukee
269293,Devin,Reed,27-11-1983,Single,M,2,Dallas
268948,Zoe,Sanchez,28-11-1983,Single,F,4,seattle
270603,Sierra,Edwards,28-11-1983,Single,M,3,New_Jersey
271738,James,Anderson,29-11-1983,Married,F,5,Anaheim
269662,Jeremy,Peterson,29-11-1983,Single,M,9,California
270913,Brandon,Brown,4/12/1983,Single,F,8,Kansas_City
270284,Jose,Kumar,5/12/1983,Married,F,6,Chicago
271334,Hailey,Parker,8/12/1983,Single,F,10,Milwaukee
269423,Angelica,Russell,9/12/1983,Single,F,1,New_york
271519,Rachel,Davis,11/12/1983,Single,F,8,Kansas_City
267975,Dylan,Walker,14-12-1983,Married,M,4,seattle
268842,Carrie,Schmidt,14-12-1983,Married,F,7,Detroit
269521,Thomas,Bryant,15-12-1983,Married,M,1,New_york
275083,Jasmine,Cook,16-12-1983,Single,F,5,Anaheim
267616,Eric,Wang,21-12-1983,Married,M,7,Detroit
269625,Arianna,Brooks,21-12-1983,Married,F,4,seattle
267617,Ashley,Johnson,21-12-1983,Single,F,10,Milwaukee
270242,Nicole,Blue,24-12-1983,Single,F,3,New_Jersey
272392,Rachel,Patterson,28-12-1983,Married,F,9,California
274981,Rachel,Wilson,2/1/1984,Married,M,2,Dallas
274348,William,Davis,2/1/1984,Married,F,4,seattle
269651,Madison,Flores,3/1/1984,Married,M,3,New_Jersey
269902,Ernest,Lu,3/1/1984,Single,M,1,New_york
268735,Rebecca,Young,5/1/1984,Married,M,10,Milwaukee
270696,Abigail,Ward,11/1/1984,Married,F,7,Detroit
272801,Chloe,Wright,12/1/1984,Single,F,8,Kansas_City
273376,Hannah,Barnes,12/1/1984,Married,F,3,New_Jersey
267108,Cara,Lu,13-01-1984,Single,F,9,California
274217,Jill,Ruiz,14-01-1984,Married,M,4,seattle
272825,Stefanie,Raman,18-01-1984,Single,F,5,Anaheim
266936,Victor,Carlson,19-01-1984,Married,F,9,California
271790,Madison,Hughes,19-01-1984,Married,F,5,Anaheim
268090,Emmanuel,Patel,20-01-1984,Married,F,4,seattle
273723,Cassie,Andersen,21-01-1984,Single,F,4,seattle
266980,Lacey,He,21-01-1984,Single,M,4,seattle
272144,Sydney,Jones,21-01-1984,Married,M,8,Kansas_City
274272,Kayla,Moore,22-01-1984,Married,F,6,Chicago
273187,Antonio,Russell,22-01-1984,Single,M,1,New_york
272970,Jennifer,Peterson,22-01-1984,Married,F,3,New_Jersey
275177,Sophia,Hill,23-01-1984,Single,F,6,Chicago
274118,Jennifer,Wilson,24-01-1984,Married,F,10,Milwaukee
270884,John,Martin,3/2/1984,Married,M,3,New_Jersey
269085,Mitchell,Anand,3/2/1984,Married,M,8,Kansas_City
273264,Gabrielle,Gonzales,3/2/1984,Single,M,1,New_york
274624,Brian,Cox,5/2/1984,Married,M,4,seattle
270669,Jon,Tang,6/2/1984,Married,M,2,Dallas
267000,William,Lewis,6/2/1984,Married,F,5,Anaheim
272565,Shelby,Peterson,7/2/1984,Single,F,2,Dallas
274305,Benjamin,Wilson,7/2/1984,Married,M,8,Kansas_City
270069,Patrick,Sanders,9/2/1984,Married,F,1,New_york
268821,Benjamin,Henderson,11/2/1984,Married,M,6,Chicago
274603,Jeremiah,Johnson,11/2/1984,Married,M,7,Detroit
272638,Madison,Alexander,12/2/1984,Single,M,9,California
274869,Lauren,Butler,16-02-1984,Married,F,3,New_Jersey
275231,Logan,Jenkins,18-02-1984,Single,M,2,Dallas
272396,Kevin,Butler,19-02-1984,Married,F,5,Anaheim
270725,Tyler,Moore,22-02-1984,Single,F,1,New_york
268418,Alex,Gonzalez,22-02-1984,Married,M,4,seattle
270583,Jesse,Scott,22-02-1984,Single,F,10,Milwaukee
273615,Kayla,Anderson,24-02-1984,Married,M,8,Kansas_City
270919,Alexandra,Mitchell,24-02-1984,Married,F,6,Chicago
274432,Benjamin,Walker,27-02-1984,Single,F,2,Dallas
272478,Thomas,White,27-02-1984,Married,M,2,Dallas
273203,Jordan,Yang,29-02-1984,Married,M,2,Dallas
269205,Cody,Gray,5/3/1984,Single,M,2,Dallas
269611,Jose,Long,5/3/1984,Married,F,2,Dallas
268996,Chloe,Gonzalez,7/3/1984,Married,F,4,seattle
268259,Beth,Sanz,8/3/1984,Married,M,7,Detroit
271992,Julia,Patterson,8/3/1984,Married,M,8,Kansas_City
271101,Elizabeth,Price,9/3/1984,Married,F,1,New_york
271439,Dakota,Patterson,11/3/1984,Married,M,9,California
271789,Logan,Adams,13-03-1984,Married,F,4,seattle
269234,Aidan,Russell,16-03-1984,Married,F,6,Chicago
270647,Grace,Rivera,16-03-1984,Single,M,3,New_Jersey
274999,Angela,Bell,19-03-1984,Married,M,5,Anaheim
270714,Jeremy,Robinson,20-03-1984,Married,M,8,Kansas_City
273338,Gabriel,Gonzalez,27-03-1984,Single,F,6,Chicago
269582,Natalie,Diaz,2/4/1984,Married,F,2,Dallas
272191,Miguel,King,3/4/1984,Married,M,2,Dallas
269208,Jacqueline,Murphy,4/4/1984,Married,M,2,Dallas
272080,Isabella,Perry,5/4/1984,Married,F,5,Anaheim
272423,Bryce,Reed,8/4/1984,Married,F,6,Chicago
266990,Lauren,Lee,8/4/1984,Single,M,1,New_york
269819,Abigail,Patterson,9/4/1984,Single,F,5,Anaheim
272889,Samantha,Smith,11/4/1984,Single,F,2,Dallas
271808,Jackson,Gonzalez,11/4/1984,Married,M,10,Milwaukee
274791,Mary,Edwards,13-04-1984,Single,F,10,Milwaukee
273332,Noah,Perez,14-04-1984,Married,M,6,Chicago
272063,Nicole,Henderson,17-04-1984,Married,M,5,Anaheim
271374,Samantha,Hall,17-04-1984,Married,M,10,Milwaukee
267284,Bailey,Stewart,20-04-1984,Married,F,6,Chicago
267932,Jonathan,Coleman,22-04-1984,Married,F,3,New_Jersey
269514,Seth,Hall,26-04-1984,Married,M,9,California
271183,Connor,Hughes,26-04-1984,Married,M,2,Dallas
270022,Jason,Wang,27-04-1984,Married,M,9,California
268389,Aidan,Butler,27-04-1984,Married,F,3,New_Jersey
270759,Isaac,Bailey,29-04-1984,Single,F,2,Dallas
273367,Justin,Patterson,1/5/1984,Married,F,1,New_york
272498,Sara,Parker,2/5/1984,Single,F,10,Milwaukee
271833,Cameron,Diaz,3/5/1984,Married,F,4,seattle
271659,Nathan,Diaz,3/5/1984,Married,F,1,New_york
271132,Cindy,Stewart,5/5/1984,Married,M,3,New_Jersey
274715,Allison,Scott,5/5/1984,Married,F,5,Anaheim
270850,Katie,Luo,5/5/1984,Married,M,4,seattle
274374,Samuel,Flores,6/5/1984,Married,M,2,Dallas
274427,Jasmine,Ward,8/5/1984,Single,F,2,Dallas
271952,Ruben,Prasad,12/5/1984,Married,M,7,Detroit
266842,Katelyn,Wright,15-05-1984,Married,F,1,New_york
269270,Brianna,Alexander,15-05-1984,Married,F,10,Milwaukee
268150,Nicole,Jones,15-05-1984,Married,F,4,seattle
267599,Alex,Edwards,17-05-1984,Married,M,5,Anaheim
273185,Stacy,Suarez,21-05-1984,Married,F,3,New_Jersey
266870,Eric,Wright,21-05-1984,Married,F,7,Detroit
272514,Madison,Hall,22-05-1984,Married,F,4,seattle
274187,Bridget,Deng,23-05-1984,Single,M,10,Milwaukee
272210,Samuel,Hernandez,23-05-1984,Single,M,2,Dallas
271479,Danielle,Rogers,23-05-1984,Married,F,6,Chicago
268015,Christopher,Jones,23-05-1984,Married,M,10,Milwaukee
267383,Alexandra,Turner,24-05-1984,Married,M,10,Milwaukee
270644,Rachel,Jones,24-05-1984,Single,F,1,New_york
267726,Anna,Cooper,26-05-1984,Single,M,5,Anaheim
273661,Tommy,Lal,26-05-1984,Single,M,9,California
268956,Ebony,Rodriguez,28-05-1984,Married,M,6,Chicago
275025,Ann,Mehta,29-05-1984,Married,F,10,Milwaukee
274963,Denise,Rana,29-05-1984,Single,M,7,Detroit
270900,Bonnie,Xu,1/6/1984,Single,M,5,Anaheim
273112,Rodney,Romero,1/6/1984,Married,M,5,Anaheim
267422,Omar,Zheng,3/6/1984,Married,M,5,Anaheim
275214,Lydia,Fernandez,4/6/1984,Married,M,9,California
271523,Carla,Prasad,5/6/1984,Married,F,9,California
270562,Claudia,Sun,8/6/1984,Married,M,6,Chicago
269228,Emily,Hall,9/6/1984,Married,F,6,Chicago
270551,Kurt,Raji,9/6/1984,Married,M,10,Milwaukee
268487,Casey,Ramos,10/6/1984,Married,F,2,Dallas
273718,Kaitlin,Sai,16-06-1984,Single,M,8,Kansas_City
274975,Ethan,Smith,19-06-1984,Married,F,7,Detroit
270145,Abigail,Garcia,21-06-1984,Married,M,9,California
269788,Barbara,Wu,23-06-1984,Married,F,1,New_york
273509,Roberto,Alonso,25-06-1984,Single,F,6,Chicago
273801,Abby,Rana,26-06-1984,Single,F,8,Kansas_City
272702,Dustin,Anand,26-06-1984,Single,F,1,New_york
267122,Krystal,Wu,27-06-1984,Single,F,7,Detroit
275187,Clayton,Cai,4/7/1984,Married,F,7,Detroit
272299,Katherine,Brown,4/7/1984,Single,F,4,seattle
269995,Carrie,Alonso,5/7/1984,Single,M,4,seattle
271269,Randy,Lin,6/7/1984,Married,M,10,Milwaukee
269192,Douglas,Kapoor,6/7/1984,Single,M,1,New_york
269080,Alex,Ward,8/7/1984,Married,M,5,Anaheim
270008,Heather,Lu,8/7/1984,Married,M,4,seattle
269680,Darryl,West,10/7/1984,Single,M,10,Milwaukee
267901,Faith,Henderson,10/7/1984,Married,M,7,Detroit
273017,Christina,Sanchez,11/7/1984,Married,M,7,Detroit
269437,Noah,Thompson,12/7/1984,Married,M,3,New_Jersey
269964,Maria,Turner,14-07-1984,Married,F,10,Milwaukee
267898,Arturo,Goel,14-07-1984,Married,M,10,Milwaukee
268755,Kristy,Vazquez,15-07-1984,Married,F,8,Kansas_City
270652,Michele,Vance,15-07-1984,Married,M,2,Dallas
270402,Daisy,Ramos,15-07-1984,Married,M,6,Chicago
273972,Leah,Ma,15-07-1984,Married,M,3,New_Jersey
271207,Isaac,Mitchell,16-07-1984,Married,F,6,Chicago
267596,Jodi,Kumar,19-07-1984,Single,M,7,Detroit
274158,Rafael,He,21-07-1984,Married,M,6,Chicago
267291,Mathew,Sanz,22-07-1984,Married,F,4,seattle
266883,Marcel,Truempy,23-07-1984,Married,F,10,Milwaukee
268857,Ashley,Washington,27-07-1984,Married,M,6,Chicago
268457,Kelvin,Huang,29-07-1984,Married,F,8,Kansas_City
270143,Eduardo,Miller,1/8/1984,Married,F,1,New_york
273762,Bryce,Stewart,3/8/1984,Married,M,10,Milwaukee
269250,Fernando,Carter,3/8/1984,Married,M,5,Anaheim
269302,Chloe,Bailey,3/8/1984,Married,F,4,seattle
271476,Natalie,Hernandez,5/8/1984,Single,M,1,New_york
267763,Kaylee,Mitchell,9/8/1984,Married,F,1,New_york
272618,Seth,Thomas,9/8/1984,Married,F,2,Dallas
267951,Priscilla,Kumar,10/8/1984,Single,F,9,California
273417,Kristopher,Rodriguez,11/8/1984,Married,M,8,Kansas_City
273240,Hannah,Henderson,16-08-1984,Married,M,6,Chicago
269362,Rachel,Richardson,18-08-1984,Married,M,1,New_york
268480,Melanie,Foster,20-08-1984,Married,M,10,Milwaukee
268012,Madison,Wood,20-08-1984,Married,M,5,Anaheim
270187,Katherine,Powell,25-08-1984,Single,F,1,New_york
270246,Rachel,Lee,27-08-1984,Married,M,5,Anaheim
271757,Anna,Price,28-08-1984,Single,M,7,Detroit
274829,Natalie,Rogers,5/9/1984,Single,F,2,Dallas
268550,Jonathan,Carter,6/9/1984,Married,M,4,seattle
273052,Luis,Henderson,7/9/1984,Single,F,3,New_Jersey
274304,Kyle,Diaz,8/9/1984,Single,F,2,Dallas
267407,Kevin,Adams,11/9/1984,Single,M,1,New_york
274568,Marcus,Reed,12/9/1984,Married,F,9,California
272470,Sydney,Morris,12/9/1984,Married,F,9,California
269050,Gabrielle,Mitchell,15-09-1984,Single,M,1,New_york
266865,Kimberly,Torres,15-09-1984,Married,M,9,California
272262,Todd,Rowe,17-09-1984,Single,M,3,New_Jersey
271255,Jade,Peterson,18-09-1984,Single,M,9,California
268127,Alexander,Taylor,23-09-1984,Single,F,3,New_Jersey
270538,Mackenzie,Cook,24-09-1984,Single,M,4,seattle
273572,Marissa,Butler,25-09-1984,Single,F,8,Kansas_City
267049,Charles,Harris,28-09-1984,Single,M,10,Milwaukee
275074,Jessica,Thompson,1/10/1984,Married,F,5,Anaheim
270926,Jack,Washington,2/10/1984,Married,F,5,Anaheim
269754,Lauren,Taylor,2/10/1984,Married,M,4,seattle
268683,Andrea,Ward,3/10/1984,Married,M,8,Kansas_City
267043,Amber,Hill,4/10/1984,Married,F,3,New_Jersey
268615,Sean,Reed,7/10/1984,Married,M,5,Anaheim
270168,Miranda,Ross,9/10/1984,Married,M,7,Detroit
271746,Charles,Wilson,9/10/1984,Married,F,9,California
270767,Ariana,Ramirez,10/10/1984,Married,M,10,Milwaukee
267474,Nicolas,Rai,12/10/1984,Married,M,2,Dallas
274739,Kaylee,Kelly,12/10/1984,Married,M,4,seattle
267544,Sara,Ward,12/10/1984,Single,M,7,Detroit
272207,Nicholas,Rodriguez,12/10/1984,Married,F,1,New_york
271854,Allison,Brooks,13-10-1984,Single,F,1,New_york
271204,Amanda,Cooper,14-10-1984,Single,M,3,New_Jersey
270440,Isaiah,Nelson,14-10-1984,Married,F,4,seattle
271437,Warren,Gao,14-10-1984,Married,F,6,Chicago
267825,Julia,Phillips,16-10-1984,Single,F,9,California
275247,Lauren,Jenkins,19-10-1984,Single,F,4,seattle
269146,Zoe,James,21-10-1984,Single,M,1,New_york
272316,Ernest,Zhang,21-10-1984,Married,F,4,seattle
270572,Glenn,Huang,24-10-1984,Married,M,4,seattle
273886,Dylan,Bryant,26-10-1984,Single,M,6,Chicago
269998,Audrey,Dominguez,26-10-1984,Single,F,2,Dallas
269688,Emma,Sandberg,29-10-1984,Single,F,4,seattle
268081,Aaron,Flores,3/11/1984,Single,F,1,New_york
272122,Gabrielle,Baker,5/11/1984,Married,M,4,seattle
274130,Nathaniel,Sanders,9/11/1984,Married,F,9,California
271954,Kayla,Patterson,10/11/1984,Married,M,9,California
274143,Chloe,Morris,12/11/1984,Single,M,10,Milwaukee
267610,Brandon,Patterson,18-11-1984,Married,M,3,New_Jersey
268741,Benjamin,Li,19-11-1984,Married,F,2,Dallas
273814,Anna,Thomas,19-11-1984,Married,M,2,Dallas
273184,Benjamin,Simmons,21-11-1984,Married,F,2,Dallas
267555,Jesse,Gray,22-11-1984,Married,M,1,New_york
268545,Isaiah,Hill,22-11-1984,Married,M,3,New_Jersey
270374,Carlos,Brooks,22-11-1984,Married,M,3,New_Jersey
268632,Blake,Hernandez,25-11-1984,Married,M,6,Chicago
270705,Isaiah,James,27-11-1984,Married,M,1,New_york
272663,Logan,Flores,29-11-1984,Married,F,10,Milwaukee
271880,Austin,Wang,1/12/1984,Married,M,10,Milwaukee
274877,Timothy,Morgan,2/12/1984,Married,M,6,Chicago
269718,Amber,Baker,2/12/1984,Married,M,9,California
272972,Luke,Carter,2/12/1984,Married,F,9,California
273454,Kelly,Powell,4/12/1984,Married,F,3,New_Jersey
273341,Dustin,Nath,5/12/1984,Married,F,8,Kansas_City
270424,Blake,Scott,5/12/1984,Single,M,4,seattle
274182,Jeremiah,Howard,6/12/1984,Married,F,2,Dallas
270842,Mackenzie,Adams,7/12/1984,Single,M,2,Dallas
273560,Timothy,Turner,9/12/1984,Married,M,3,New_Jersey
271525,Jeffery,Zeng,10/12/1984,Single,F,4,seattle
271308,Eric,Simmons,12/12/1984,Single,F,4,seattle
274948,Jennifer,Lee,16-12-1984,Single,M,8,Kansas_City
274744,Isaac,Kelly,18-12-1984,Single,M,5,Anaheim
268849,Dylan,Garcia,18-12-1984,Single,M,10,Milwaukee
271041,Sean,Howard,19-12-1984,Married,F,4,seattle
269905,Eric,Evans,21-12-1984,Single,F,3,New_Jersey
273999,Grace,Cox,22-12-1984,Married,M,5,Anaheim
275208,Adam,Perry,22-12-1984,Married,M,3,New_Jersey
269726,Amber,Green,23-12-1984,Married,M,9,California
272181,Russell,Luo,25-12-1984,Married,F,3,New_Jersey
275117,Troy,Fernandez,28-12-1984,Married,M,5,Anaheim
267802,Kyle,Collins,29-12-1984,Married,F,4,seattle
274994,Kayla,Washington,29-12-1984,Married,F,6,Chicago
272462,Bryant,Fernandez,2/1/1985,Married,F,8,Kansas_City
273317,John,Thomas,4/1/1985,Married,M,3,New_Jersey
273686,Chloe,Green,6/1/1985,Married,F,10,Milwaukee
271174,Zachary,Harris,6/1/1985,Married,F,5,Anaheim
268837,Gabrielle,Howard,6/1/1985,Married,M,3,New_Jersey
268605,Jade,Ward,8/1/1985,Married,M,9,California
271188,Jack,Ross,8/1/1985,Married,M,7,Detroit
268167,Arturo,Hu,8/1/1985,Married,F,5,Anaheim
267242,Kayla,Ross,11/1/1985,Single,F,8,Kansas_City
270876,Jesse,King,12/1/1985,Married,M,4,seattle
269897,Louis,Gao,13-01-1985,Married,F,7,Detroit
270778,Olivia,Alexander,18-01-1985,Married,F,8,Kansas_City
270345,Joe,Martin,18-01-1985,Married,F,5,Anaheim
267508,Erika,Blanco,19-01-1985,Married,M,2,Dallas
273303,Leslie,Gill,21-01-1985,Single,M,6,Chicago
269054,Cristina,Lal,24-01-1985,Married,M,5,Anaheim
272833,Omar,Nath,28-01-1985,Single,F,8,Kansas_City
271414,Willie,Rai,2/2/1985,Married,M,9,California
267411,Alexis,Williams,4/2/1985,Married,M,7,Detroit
268011,Brandi,Gomez,4/2/1985,Married,F,7,Detroit
272999,Micah,Wang,5/2/1985,Single,M,5,Anaheim
272841,Ross,Hernandez,6/2/1985,Single,F,6,Chicago
270118,Shannon,Zheng,6/2/1985,Married,M,5,Anaheim
274047,Natasha,Suarez,8/2/1985,Single,F,4,seattle
274944,Marvin,Munoz,8/2/1985,Single,M,8,Kansas_City
268875,Veronica,Chandra,10/2/1985,Single,F,2,Dallas
271981,Gail,Alexander,10/2/1985,Single,M,3,New_Jersey
273699,Molly,Sai,11/2/1985,Married,M,4,seattle
270044,James,Zhang,12/2/1985,Married,M,6,Chicago
267883,Lawrence,Ortega,13-02-1985,Single,M,8,Kansas_City
268823,Casey,Raje,13-02-1985,Married,M,3,New_Jersey
272021,Olivia,Price,14-02-1985,Single,M,2,Dallas
267655,Tabitha,Carlson,15-02-1985,Single,F,7,Detroit
269793,Lloyd,Saunders,16-02-1985,Single,F,6,Chicago
269683,Drew,Rai,17-02-1985,Single,F,5,Anaheim
268393,Derrick,Torres,19-02-1985,Married,F,10,Milwaukee
269664,Nichole,Sharma,21-02-1985,Single,M,2,Dallas
273817,Robert,Parker,23-02-1985,Single,M,8,Kansas_City
273625,Haley,Parker,23-02-1985,Single,M,7,Detroit
272993,Russell,Andersen,23-02-1985,Single,F,3,New_Jersey
267470,Shawn,Anand,24-02-1985,Single,M,5,Anaheim
267683,Nelson,Jimenez,26-02-1985,Single,M,10,Milwaukee
267929,Diane,Navarro,27-02-1985,Married,F,9,California
273192,Gerald,Munoz,28-02-1985,Married,F,10,Milwaukee
274274,Edward,Edwards,5/3/1985,Married,M,8,Kansas_City
273933,Maurizio,Macagno,5/3/1985,Single,F,10,Milwaukee
271106,Curtis,Zimmerman,7/3/1985,Married,F,4,seattle
267546,Clifford,Srini,8/3/1985,Single,F,4,seattle
270164,Kara,Andersen,11/3/1985,Single,M,8,Kansas_City
269862,Riley,Wood,12/3/1985,Single,M,4,seattle
268518,Kate,Jai,17-03-1985,Single,M,3,New_Jersey
267939,Tonya,Raje,18-03-1985,Single,F,1,New_york
271875,Evelyn,Kapoor,20-03-1985,Single,F,7,Detroit
268246,Ian,Martin,21-03-1985,Single,F,9,California
274991,Lisa,Ma,21-03-1985,Single,M,8,Kansas_City
269634,Deborah,Xu,22-03-1985,Single,F,2,Dallas
271192,Eugene,Liu,25-03-1985,Single,M,4,seattle
270576,Jon,Ye,25-03-1985,Single,F,5,Anaheim
274694,Meghan,Diaz,27-03-1985,Single,F,7,Detroit
272911,Erik,Munoz,29-03-1985,Married,F,1,New_york
267638,Shannon,Zhou,1/4/1985,Single,F,6,Chicago
273988,Abigail,Rivera,5/4/1985,Single,M,3,New_Jersey
271153,Gregory,Raji,7/4/1985,Single,F,3,New_Jersey
269052,Ronnie,He,8/4/1985,Married,M,9,California
273995,Naomi,Dominguez,9/4/1985,Single,F,1,New_york
269338,Daniel,Jones,9/4/1985,Single,F,8,Kansas_City
268994,Sharon,Carson,10/4/1985,Single,F,10,Milwaukee
267780,Andrew,Smith,11/4/1985,Single,M,7,Detroit
272363,Dylan,Robinson,13-04-1985,Married,F,8,Kansas_City
271766,Evan,Morgan,13-04-1985,Married,M,8,Kansas_City
269725,Zachary,Yang,18-04-1985,Single,F,3,New_Jersey
272978,Anna,Bryant,19-04-1985,Single,M,10,Milwaukee
269313,Elizabeth,Henderson,19-04-1985,Single,F,8,Kansas_City
270985,Gloria,Rubio,22-04-1985,Single,M,5,Anaheim
268376,Jerry,Ferrier,23-04-1985,Married,F,4,seattle
274853,Seth,Brown,24-04-1985,Married,M,2,Dallas
270998,Trinity,Cook,24-04-1985,Married,M,1,New_york
268951,Clarence,Raji,27-04-1985,Married,M,10,Milwaukee
270396,Kevin,Edwards,1/5/1985,Married,M,3,New_Jersey
273325,Maria,Rogers,1/5/1985,Married,M,4,seattle
272525,Jack,Roberts,7/5/1985,Married,F,6,Chicago
266927,Dominic,Srini,8/5/1985,Single,F,8,Kansas_City
268345,Ethan,Garcia,10/5/1985,Married,M,5,Anaheim
272387,Charles,Gonzalez,10/5/1985,Married,F,6,Chicago
275165,Jenna,Scott,10/5/1985,Married,F,9,California
269633,Emma,Cooper,11/5/1985,Married,M,7,Detroit
272757,Andrea,Howard,11/5/1985,Married,M,1,New_york
266830,Nathan,Turner,13-05-1985,Married,M,1,New_york
269181,Elijah,Yang,14-05-1985,Married,M,1,New_york
274756,Luke,Hall,15-05-1985,Married,F,9,California
272278,Courtney,Nelson,17-05-1985,Married,F,3,New_Jersey
267635,Aidan,Wood,20-05-1985,Married,M,8,Kansas_City
268433,Don,Roessler,20-05-1985,Married,M,10,Milwaukee
270792,Jose,Jenkins,20-05-1985,Married,F,10,Milwaukee
268109,Mary,Green,22-05-1985,Married,M,10,Milwaukee
271100,Gabrielle,Price,23-05-1985,Married,F,9,California
267886,Seth,Turner,23-05-1985,Married,F,5,Anaheim
269947,Austin,Foster,24-05-1985,Married,F,9,California
273471,Grant,Pal,25-05-1985,Married,M,4,seattle
268046,Robert,Davis,28-05-1985,Married,M,10,Milwaukee
272467,Charles,Reed,29-05-1985,Married,F,2,Dallas
272556,Elizabeth,Garcia,29-05-1985,Married,M,7,Detroit
267255,Victoria,Long,2/6/1985,Single,F,4,seattle
271559,Madison,Davis,2/6/1985,Single,F,10,Milwaukee
271567,Zachary,Lewis,3/6/1985,Married,F,2,Dallas
268699,Morgan,Kelly,3/6/1985,Single,F,9,California
269545,Adriana,Perez,4/6/1985,Single,M,7,Detroit
269337,George,Arun,5/6/1985,Single,M,3,New_Jersey
267792,Xavier,Scott,7/6/1985,Single,M,1,New_york
273710,Kevin,Nelson,7/6/1985,Married,M,9,California
273695,Curtis,Xu,7/6/1985,Single,M,5,Anaheim
272703,Stacy,Blanco,8/6/1985,Single,F,7,Detroit
275042,Ian,Kelly,11/6/1985,Married,M,1,New_york
273297,Jessica,Powell,12/6/1985,Married,F,3,New_Jersey
267072,Melvin,Andersen,12/6/1985,Married,M,8,Kansas_City
273248,Heidi,Vance,15-06-1985,Married,F,9,California
267044,Stacy,Torres,16-06-1985,Married,F,9,California
272440,Noah,Ross,16-06-1985,Married,F,4,seattle
269053,Max,Ferrier,18-06-1985,Single,M,9,California
273627,Bonnie,Xie,18-06-1985,Married,M,8,Kansas_City
267926,Ronald,Arthur,18-06-1985,Married,M,3,New_Jersey
274487,Kayla,Jenkins,23-06-1985,Married,F,5,Anaheim
274627,Renee,Jimenez,24-06-1985,Single,M,7,Detroit
271561,Henry,Fernandez,25-06-1985,Single,M,5,Anaheim
270687,Tabitha,Alonso,26-06-1985,Single,M,6,Chicago
269503,Robert,Butler,27-06-1985,Single,M,3,New_Jersey
266785,Michael,Lewis,29-06-1985,Single,F,3,New_Jersey
271222,Cristina,Shan,29-06-1985,Single,M,6,Chicago
267991,Victor,Dominguez,29-06-1985,Single,F,2,Dallas
271756,Gavin,Patterson,1/7/1985,Single,F,2,Dallas
274652,Tristan,Jenkins,8/7/1985,Married,M,8,Kansas_City
268329,Tabitha,Smith,8/7/1985,Single,M,7,Detroit
269561,Gerald,Rana,10/7/1985,Single,F,4,seattle
269891,Rosa,Zhang,13-07-1985,Single,F,1,New_york
268690,Terry,Tang,16-07-1985,Married,M,1,New_york
268873,Ashlee,Deng,17-07-1985,Married,M,8,Kansas_City
270202,Jerome,Rubio,18-07-1985,Married,F,9,California
268777,Clayton,Nath,19-07-1985,Single,M,1,New_york
269081,Gilbert,Becker,21-07-1985,Married,M,2,Dallas
270137,Crystal,Gao,21-07-1985,Married,M,2,Dallas
268020,Michael,Miller,22-07-1985,Single,F,7,Detroit
268722,Steve,Gao,22-07-1985,Single,F,5,Anaheim
266872,Colleen,Nara,24-07-1985,Single,F,1,New_york
267804,Katie,Xu,25-07-1985,Single,F,3,New_Jersey
273977,Abby,Arthur,25-07-1985,Married,F,7,Detroit
270241,Riley,Simmons,25-07-1985,Married,F,7,Detroit
270319,Audrey,Moreno,27-07-1985,Single,F,5,Anaheim
269827,Stacy,Martin,29-07-1985,Single,F,1,New_york
268407,Martha,Zhou,4/8/1985,Single,F,2,Dallas
273010,Kari,Garcia,6/8/1985,Single,F,4,seattle
268848,Damien,Jai,10/8/1985,Single,F,3,New_Jersey
266964,Brenda,Martinez,13-08-1985,Single,M,7,Detroit
270894,Cynthia,Prasad,21-08-1985,Single,F,4,seattle
273666,Max,Suarez,22-08-1985,Single,M,3,New_Jersey
274751,Russell,Anand,23-08-1985,Married,F,8,Kansas_City
267854,Molly,Sanchez,23-08-1985,Married,M,10,Milwaukee
271143,Hunter,Henderson,24-08-1985,Married,M,3,New_Jersey
267004,Madison,Hayes,24-08-1985,Single,M,2,Dallas
269818,Christine,Jai,25-08-1985,Single,F,2,Dallas
271119,Isabella,Gonzales,26-08-1985,Married,M,7,Detroit
269060,Katherine,Lewis,27-08-1985,Married,M,5,Anaheim
273278,Anna,Washington,27-08-1985,Married,F,2,Dallas
273411,Diane,Ruiz,28-08-1985,Single,M,7,Detroit
269948,Dana,Ruiz,3/9/1985,Married,F,6,Chicago
271318,Drew,Bhat,3/9/1985,Married,M,8,Kansas_City
270783,Maurice,Raje,4/9/1985,Married,F,6,Chicago
268232,Jessica,Martin,4/9/1985,Single,F,1,New_york
275156,Nelson,Harrison,5/9/1985,Single,M,6,Chicago
274731,Miguel,Baker,5/9/1985,Single,M,10,Milwaukee
274805,Rebekah,Alonso,7/9/1985,Single,M,4,seattle
269134,Stefanie,Lopez,10/9/1985,Married,M,1,New_york
267528,Ernest,Xu,14-09-1985,Single,F,2,Dallas
275066,Hector,Mu├▒oz,16-09-1985,Single,M,4,seattle
266857,Gina,Vazquez,18-09-1985,Single,F,1,New_york
268853,Isabella,Ward,19-09-1985,Married,M,6,Chicago
275221,Gilbert,Xie,19-09-1985,Married,M,6,Chicago
274512,Barry,Rana,20-09-1985,Married,F,2,Dallas
267406,Riley,Hayes,21-09-1985,Single,M,6,Chicago
267420,Ebony,Jimenez,22-09-1985,Single,M,8,Kansas_City
271736,Melody,Saunders,23-09-1985,Single,M,9,California
272526,Peter,Chander,26-09-1985,Married,M,3,New_Jersey
271917,Dennis,Li,27-09-1985,Single,M,7,Detroit
272474,Darren,Alvarez,28-09-1985,Single,F,8,Kansas_City
268746,Natasha,Sanz,28-09-1985,Single,F,1,New_york
275070,Autumn,Zhu,1/10/1985,Single,M,8,Kansas_City
275218,Franklin,Pal,4/10/1985,Married,M,5,Anaheim
274075,Meagan,Kim,6/10/1985,Single,M,8,Kansas_City
269484,Lee,Vazquez,9/10/1985,Single,F,2,Dallas
271978,Blake,Miller,10/10/1985,Single,F,9,California
269194,Chelsea,Sai,11/10/1985,Single,M,9,California
273194,Kelsey,Chande,11/10/1985,Single,F,5,Anaheim
266856,Vadim,Sazanovich,11/10/1985,Single,M,1,New_york
271913,George,Louverdis,15-10-1985,Single,F,2,Dallas
273197,Dwayne,Martin,16-10-1985,Single,M,5,Anaheim
273410,Audrey,Vazquez,16-10-1985,Single,F,5,Anaheim
271583,Karla,Tang,25-10-1985,Single,F,5,Anaheim
273342,Adam,Gonzalez,25-10-1985,Single,F,9,California
267983,Derrick,Diaz,27-10-1985,Married,M,1,New_york
274842,Nancy,Fernandez,28-10-1985,Single,F,3,New_Jersey
273854,Deanna,Weber,1/11/1985,Single,F,3,New_Jersey
273590,Kari,Carlson,1/11/1985,Single,F,9,California
270095,Diane,Serrano,2/11/1985,Married,M,1,New_york
270165,Louis,Zhu,3/11/1985,Married,F,6,Chicago
268977,Jarrod,Weber,4/11/1985,Married,M,9,California
268199,Arturo,Chande,5/11/1985,Married,M,7,Detroit
272176,Misty,Deng,10/11/1985,Single,F,4,seattle
270456,Spencer,Jenkins,10/11/1985,Single,F,3,New_Jersey
275009,Dana,Carlson,11/11/1985,Single,F,9,California
274526,Desiree,Carlson,11/11/1985,Single,M,3,New_Jersey
274060,Austin,Coleman,13-11-1985,Single,M,4,seattle
272425,Hailey,Peterson,16-11-1985,Single,F,3,New_Jersey
270569,Lauren,Richardson,19-11-1985,Single,M,6,Chicago
268806,Ariana,Morgan,22-11-1985,Single,F,6,Chicago
274608,Jennifer,Bryant,23-11-1985,Single,M,1,New_york
269043,Brandi,Ortega,24-11-1985,Single,F,8,Kansas_City
272693,Timothy,Hill,24-11-1985,Single,M,9,California
271391,Fernando,Clark,24-11-1985,Married,F,1,New_york
270086,Fernando,Long,25-11-1985,Married,F,2,Dallas
268089,Nicole,Sanchez,29-11-1985,Single,F,1,New_york
274403,Alyssa,Foster,29-11-1985,Single,F,5,Anaheim
274544,Nathan,Anderson,29-11-1985,Married,F,6,Chicago
275216,Steven,Brooks,1/12/1985,Single,F,9,California
274470,Marcus,Murphy,2/12/1985,Married,F,10,Milwaukee
269795,Andrea,Richardson,2/12/1985,Single,M,6,Chicago
269442,Jessica,Ross,4/12/1985,Married,M,2,Dallas
270123,Eric,Griffin,4/12/1985,Married,F,7,Detroit
275056,Kathryn,Nara,5/12/1985,Married,M,5,Anaheim
272528,Gabrielle,Barnes,6/12/1985,Married,M,2,Dallas
267838,Kristi,Torres,6/12/1985,Married,M,7,Detroit
267196,Judith,White,8/12/1985,Married,M,6,Chicago
272604,Sydney,Powell,8/12/1985,Single,F,1,New_york
267727,Lauren,Wilson,10/12/1985,Married,F,5,Anaheim
271245,Jasmine,Russell,11/12/1985,Married,M,4,seattle
273428,Drew,Kumar,12/12/1985,Married,F,9,California
270053,Wyatt,Adams,12/12/1985,Married,M,10,Milwaukee
266881,Kyle,Hayes,15-12-1985,Married,M,6,Chicago
274858,Savannah,Sanders,17-12-1985,Married,F,6,Chicago
271058,Gabrielle,Diaz,18-12-1985,Married,M,9,California
268266,James,Baker,19-12-1985,Married,M,7,Detroit
267268,Connor,Hernandez,21-12-1985,Married,M,8,Kansas_City
271737,Alexia,Flores,22-12-1985,Married,M,9,California
271603,Hunter,Moore,24-12-1985,Married,M,3,New_Jersey
270550,Katelyn,Edwards,24-12-1985,Married,F,8,Kansas_City
272116,Rodney,Dominguez,25-12-1985,Married,F,3,New_Jersey
269650,Rachel,Lewis,26-12-1985,Married,M,5,Anaheim
268025,Katherine,Richardson,28-12-1985,Married,M,9,California
270253,Arianna,Diaz,28-12-1985,Married,M,5,Anaheim
272322,Amanda,Morgan,29-12-1985,Married,M,4,seattle
269572,Spencer,Powell,10/1/1986,Married,M,2,Dallas
272208,Ricardo,Shen,15-01-1986,Married,M,10,Milwaukee
267700,Robert,Washington,16-01-1986,Married,F,10,Milwaukee
274267,Sheena,Anand,20-01-1986,Married,F,6,Chicago
272463,Morgan,Mitchell,21-01-1986,Married,F,7,Detroit
274407,Benjamin,Bryant,22-01-1986,Married,M,7,Detroit
270184,Caitlin,Murphy,27-01-1986,Married,M,9,California
275138,Shelby,Watson,28-01-1986,Married,M,4,seattle
274758,Emma,Taylor,2/2/1986,Married,M,4,seattle
269849,Chloe,Roberts,2/2/1986,Married,M,8,Kansas_City
270110,Arianna,Gray,3/2/1986,Married,M,3,New_Jersey
267224,Katherine,Howard,3/2/1986,Married,F,8,Kansas_City
269673,Paige,Washington,4/2/1986,Single,F,10,Milwaukee
273519,Adrian,Morgan,12/2/1986,Married,M,5,Anaheim
268879,Mariah,Howard,13-02-1986,Single,M,2,Dallas
268941,Erik,Torres,14-02-1986,Married,F,4,seattle
268590,Jason,Hill,15-02-1986,Married,F,7,Detroit
274147,Sara,Watson,16-02-1986,Single,M,2,Dallas
274247,Paige,Perry,17-02-1986,Single,F,1,New_york
268557,Andy,Blanco,17-02-1986,Single,M,2,Dallas
274343,Cynthia,Sai,18-02-1986,Married,F,6,Chicago
273419,Ashley,Hughes,18-02-1986,Married,F,6,Chicago
271200,Juan,Rogers,20-02-1986,Married,M,1,New_york
270752,Chelsea,Martinez,23-02-1986,Married,M,9,California
266921,Roy,Patel,26-02-1986,Married,F,3,New_Jersey
271807,Peter,Anand,28-02-1986,Married,F,10,Milwaukee
268567,Cindy,Sara,1/3/1986,Single,F,1,New_york
273703,Andres,Pal,2/3/1986,Married,F,1,New_york
269593,Pedro,Fernandez,6/3/1986,Married,M,2,Dallas
272775,Ronald,Patel,8/3/1986,Married,M,4,seattle
272414,Jermaine,Sai,9/3/1986,Single,F,3,New_Jersey
267933,Rafael,Liang,9/3/1986,Single,M,4,seattle
271576,Bryan,Sanchez,10/3/1986,Single,M,9,California
271285,Brendan,Xu,10/3/1986,Single,M,1,New_york
267480,Mallory,Sanz,11/3/1986,Single,M,3,New_Jersey
274148,Cory,Kapoor,12/3/1986,Married,F,10,Milwaukee
269273,Carmen,Rana,13-03-1986,Married,F,7,Detroit
272717,Emma,Patterson,13-03-1986,Single,F,2,Dallas
272488,Whitney,Madan,15-03-1986,Single,F,4,seattle
270088,Lindsay,Pal,16-03-1986,Married,F,8,Kansas_City
267414,Sebastian,Watson,17-03-1986,Single,M,9,California
271212,Samantha,Lewis,20-03-1986,Single,M,10,Milwaukee
268566,Frederick,Vance,23-03-1986,Single,F,2,Dallas
270519,Alejandro,Chen,24-03-1986,Single,F,6,Chicago
269286,Damien,Lal,24-03-1986,Married,M,1,New_york
267866,Steve,Wu,25-03-1986,Married,M,9,California
274302,Maria,Hernandez,26-03-1986,Single,F,10,Milwaukee
274213,Katie,Rai,27-03-1986,Married,M,9,California
268656,Holly,Srini,1/4/1986,Married,M,1,New_york
274880,Adrienne,Gill,1/4/1986,Single,F,1,New_york
267382,Denise,Perez,2/4/1986,Single,M,2,Dallas
273938,Jorge,Xu,4/4/1986,Married,F,7,Detroit
275196,Krista,Romero,6/4/1986,Single,F,3,New_Jersey
273903,Lacey,Shan,6/4/1986,Single,F,5,Anaheim
271607,Clayton,Liang,7/4/1986,Married,M,6,Chicago
270821,Ross,Patel,8/4/1986,Single,F,1,New_york
272280,Leonard,Pal,9/4/1986,Single,M,8,Kansas_City
272337,Jaclyn,Yang,9/4/1986,Married,F,5,Anaheim
268002,Justin,Jai,13-04-1986,Married,F,2,Dallas
268269,Sydney,Perry,14-04-1986,Married,M,2,Dallas
273400,Damien,Shen,15-04-1986,Married,M,1,New_york
270026,Edwin,Zhou,17-04-1986,Married,F,4,seattle
270108,Derrick,Vazquez,19-04-1986,Single,F,7,Detroit
271063,Bridget,Xu,20-04-1986,Single,F,3,New_Jersey
267831,Troy,Patel,20-04-1986,Married,M,9,California
269506,Julio,Vazquez,25-04-1986,Single,M,2,Dallas
271078,Bruce,Chandra,25-04-1986,Married,F,5,Anaheim
271883,Susan,Zhu,25-04-1986,Married,F,3,New_Jersey
269784,Cristina,Deng,26-04-1986,Single,F,7,Detroit
272193,Alicia,Jai,26-04-1986,Single,M,4,seattle
268549,K.,Saravan,27-04-1986,Single,F,1,New_york
268597,Dalton,Scott,1/5/1986,Married,F,10,Milwaukee
268514,Randy,Hu,2/5/1986,Married,M,8,Kansas_City
268058,Stacy,Carlson,7/5/1986,Single,M,5,Anaheim
272450,Jamie,Ortega,8/5/1986,Single,M,1,New_york
271544,Rodney,Serrano,8/5/1986,Single,F,5,Anaheim
271916,Michele,Garcia,12/5/1986,Single,F,9,California
268997,April,Raji,12/5/1986,Single,F,2,Dallas
270560,Kayla,Hughes,13-05-1986,Married,M,10,Milwaukee
271974,Juan,Sanz,14-05-1986,Single,F,4,seattle
270522,Regina,Vance,14-05-1986,Single,M,8,Kansas_City
274317,Jaclyn,Zhu,16-05-1986,Single,F,5,Anaheim
267165,Richard,Martinez,16-05-1986,Married,F,4,seattle
268969,Misty,Nara,17-05-1986,Single,M,3,New_Jersey
272558,Mandy,Lu,19-05-1986,Married,M,3,New_Jersey
270912,Shawna,She,21-05-1986,Single,M,6,Chicago
267266,Nelson,Ramos,21-05-1986,Single,F,5,Anaheim
268923,Edwin,Zhao,23-05-1986,Single,M,10,Milwaukee
270980,Dale,Andersen,27-05-1986,Married,M,3,New_Jersey
273754,Sean,Morgan,2/6/1986,Single,F,5,Anaheim
273448,Seth,King,2/6/1986,Single,F,1,New_york
266823,Stefanie,Malhotra,3/6/1986,Single,M,3,New_Jersey
268795,Ross,Gill,4/6/1986,Single,M,6,Chicago
269836,Angel,Cooper,8/6/1986,Married,M,2,Dallas
269183,Robert,Rodriguez,12/6/1986,Single,M,5,Anaheim
272399,Arianna,Morris,12/6/1986,Single,F,5,Anaheim
273063,Kelli,Zhou,12/6/1986,Single,M,2,Dallas
275154,Autumn,Lu,13-06-1986,Single,F,4,seattle
274229,Jenny,Lin,13-06-1986,Single,F,10,Milwaukee
271950,Dennis,Yang,14-06-1986,Single,F,4,seattle
274310,Suzanne,Hu,15-06-1986,Single,M,4,seattle
270516,Adrian,Cooper,16-06-1986,Single,M,5,Anaheim
267484,Grace,Jackson,16-06-1986,Married,M,7,Detroit
273262,Jaime,Rubio,17-06-1986,Single,M,1,New_york
274478,Blake,Parker,17-06-1986,Married,F,3,New_Jersey
270042,Chloe,Patterson,19-06-1986,Single,F,5,Anaheim
268814,Cory,Suri,19-06-1986,Married,F,7,Detroit
272188,Amber,Mitchell,20-06-1986,Single,M,7,Detroit
269700,Emma,Hughes,20-06-1986,Married,M,3,New_Jersey
267764,Julia,Campbell,20-06-1986,Single,M,10,Milwaukee
268835,Warren,Liu,23-06-1986,Married,M,1,New_york
271493,Randy,Liu,23-06-1986,Married,M,10,Milwaukee
273225,Daniel,Clark,23-06-1986,Single,F,5,Anaheim
269635,Amanda,Ramirez,23-06-1986,Single,M,10,Milwaukee
272160,Felicia,Martin,26-06-1986,Married,M,7,Detroit
269049,Mary,Ramos,28-06-1986,Single,M,9,California
272656,Christy,Ma,28-06-1986,Married,F,2,Dallas
273965,Lucas,Moore,29-06-1986,Married,F,1,New_york
268482,Latasha,Gutierrez,29-06-1986,Married,F,5,Anaheim
274933,Juan,Watson,29-06-1986,Married,M,2,Dallas
268987,Nathan,Jones,1/7/1986,Married,F,6,Chicago
270966,Kristi,Subram,1/7/1986,Single,F,8,Kansas_City
268565,Felicia,Diaz,2/7/1986,Single,F,4,seattle
274224,Tommy,Jai,3/7/1986,Married,M,3,New_Jersey
270742,Tabitha,Alvarez,3/7/1986,Single,M,4,seattle
269133,Alejandro,Ye,5/7/1986,Single,F,10,Milwaukee
269842,Jeffery,Zheng,6/7/1986,Married,M,2,Dallas
275016,Darryl,Lin,10/7/1986,Married,M,8,Kansas_City
267486,Meredith,Suarez,12/7/1986,Single,F,4,seattle
270947,Dana,Moreno,12/7/1986,Single,M,10,Milwaukee
268770,Hector,Suarez,15-07-1986,Single,F,6,Chicago
273819,Jay,Mehta,15-07-1986,Single,M,5,Anaheim
269921,Derek,She,16-07-1986,Single,F,8,Kansas_City
270414,Jaime,Raji,16-07-1986,Single,F,7,Detroit
271196,Cedric,Yang,16-07-1986,Married,M,3,New_Jersey
271049,Michele,Xie,18-07-1986,Single,F,4,seattle
269079,George,Lopez,19-07-1986,Married,F,4,seattle
271551,Michele,Goel,21-07-1986,Married,F,3,New_Jersey
267220,Bryant,Perez,23-07-1986,Single,M,8,Kansas_City
273520,Joel,Gonzalez,25-07-1986,Single,M,5,Anaheim
267525,Valerie,Hu,25-07-1986,Single,M,2,Dallas
275073,Tasha,Luo,26-07-1986,Married,M,7,Detroit
273015,Casey,Tang,26-07-1986,Married,F,4,seattle
268479,Meghan,Vazquez,28-07-1986,Married,M,9,California
268223,Bonnie,Yuan,1/8/1986,Married,M,2,Dallas
271897,Frank,Dominguez,2/8/1986,Single,F,4,seattle
270155,Joshua,Miller,7/8/1986,Single,M,7,Detroit
268728,Harold,McDonald,11/8/1986,Single,M,7,Detroit
271562,Kari,Moreno,11/8/1986,Married,F,7,Detroit
271791,Kurt,Andersen,12/8/1986,Single,M,8,Kansas_City
272902,Roger,Anand,16-08-1986,Single,M,9,California
275075,Patrick,Torres,18-08-1986,Married,F,1,New_york
267711,Jaime,Suarez,19-08-1986,Married,F,7,Detroit
267002,Regina,Chandra,19-08-1986,Single,F,7,Detroit
271764,Julio,Suarez,29-08-1986,Married,M,7,Detroit
273882,Lisa,Zhu,29-08-1986,Married,F,3,New_Jersey
270918,Max,Vazquez,7/9/1986,Single,M,10,Milwaukee
270630,Margaret,Ma,8/9/1986,Married,M,10,Milwaukee
268881,Jaime,Alonso,11/9/1986,Single,F,3,New_Jersey
268041,Kari,Malhotra,11/9/1986,Married,F,4,seattle
274468,Erik,Rubio,12/9/1986,Married,M,2,Dallas
268179,Alejandro,Gao,13-09-1986,Single,F,10,Milwaukee
268953,Diana,Munoz,13-09-1986,Married,F,5,Anaheim
272687,Dana,Alvarez,13-09-1986,Single,M,3,New_Jersey
272681,Jessica,Barnes,18-09-1986,Single,F,6,Chicago
268624,Noah,Lal,18-09-1986,Single,F,1,New_york
274377,Alfredo,Navarro,19-09-1986,Single,F,1,New_york
274234,Krista,Gutierrez,19-09-1986,Single,F,10,Milwaukee
271379,Whitney,Subram,22-09-1986,Single,M,7,Detroit
274901,Tasha,Chander,23-09-1986,Married,M,10,Milwaukee
271816,Elizabeth,Perry,24-09-1986,Married,M,6,Chicago
269029,Alexa,Kelly,24-09-1986,Married,M,5,Anaheim
271671,Sheila,Ramos,26-09-1986,Married,F,9,California
266851,Dominique,Lopez,28-09-1986,Married,M,8,Kansas_City
270594,Jacob,Wilson,28-09-1986,Single,F,4,seattle
267248,Jose,Martin,29-09-1986,Married,M,5,Anaheim
274044,Evelyn,Chandra,2/10/1986,Married,M,2,Dallas
266844,Daisy,Munoz,3/10/1986,Married,M,5,Anaheim
269483,Kelvin,Lal,3/10/1986,Married,M,2,Dallas
269747,Teresa,Gutierrez,6/10/1986,Married,M,5,Anaheim
268826,Adrienne,Serrano,11/10/1986,Single,F,9,California
270775,Kristin,Jai,12/10/1986,Single,F,4,seattle
267750,Latasha,Dominguez,13-10-1986,Single,M,1,New_york
273350,Robin,Sanz,14-10-1986,Single,F,5,Anaheim
269354,Colleen,Cai,14-10-1986,Single,F,7,Detroit
268493,Martin,Prasad,18-10-1986,Married,F,9,California
273099,Troy,Mehta,19-10-1986,Single,M,4,seattle
274926,Jermaine,Madan,20-10-1986,Married,M,2,Dallas
268018,Adrian,Morris,23-10-1986,Married,M,8,Kansas_City
270413,Johnny,Moyer,25-10-1986,Married,F,4,seattle
274456,Wendy,Ortega,28-10-1986,Married,M,4,seattle
274826,Jodi,Shan,2/11/1986,Married,M,2,Dallas
273815,Gary,Schare,3/11/1986,Married,M,8,Kansas_City
273040,Morgan,Bennett,4/11/1986,Married,F,2,Dallas
267140,Diana,Sanz,5/11/1986,Single,F,5,Anaheim
272965,Alvin,Ma,6/11/1986,Single,M,2,Dallas
270910,Brenda,Chandra,7/11/1986,Married,M,8,Kansas_City
269403,Shawn,Shan,9/11/1986,Single,M,8,Kansas_City
271351,Allen,Malhotra,9/11/1986,Married,M,5,Anaheim
270831,Jonathan,Lopez,10/11/1986,Married,F,6,Chicago
267335,Ashley,Thompson,12/11/1986,Married,F,7,Detroit
269855,Tina,Rana,13-11-1986,Married,F,3,New_Jersey
271675,Shannon,Navarro,17-11-1986,Married,M,3,New_Jersey
269443,Roy,Saunders,20-11-1986,Married,M,9,California
271490,Colleen,Gao,22-11-1986,Married,M,7,Detroit
267105,Meghan,Carlson,22-11-1986,Married,M,1,New_york
274693,Janelle,Prasad,22-11-1986,Married,F,8,Kansas_City
268029,Leah,Huang,24-11-1986,Married,F,6,Chicago
270539,Alicia,Luo,26-11-1986,Married,F,9,California
270964,Robert,Smith,28-11-1986,Married,F,5,Anaheim
268202,Erika,Munoz,28-11-1986,Married,F,8,Kansas_City
274465,Christian,Patterson,1/12/1986,Single,F,4,seattle
267629,Mackenzie,Ramirez,2/12/1986,Married,F,3,New_Jersey
272038,Dana,Dominguez,2/12/1986,Married,F,2,Dallas
272110,Nelson,Ortega,3/12/1986,Married,M,3,New_Jersey
268713,Johnny,Tang,3/12/1986,Married,F,6,Chicago
274650,Erika,Suarez,4/12/1986,Married,M,1,New_york
274114,Brendan,Andersen,5/12/1986,Single,F,3,New_Jersey
273328,Abby,Raman,5/12/1986,Single,F,6,Chicago
273623,Sergio,Lopez,6/12/1986,Single,M,6,Chicago
272136,Wendy,Hernandez,7/12/1986,Single,F,3,New_Jersey
267798,Cory,Martinez,7/12/1986,Single,M,5,Anaheim
270455,Manuel,Sanchez,10/12/1986,Single,F,6,Chicago
267338,Wesley,Yang,17-12-1986,Single,M,3,New_Jersey
274972,Angelica,Barnes,18-12-1986,Single,M,1,New_york
268048,Jennifer,Patterson,20-12-1986,Married,M,7,Detroit
268151,Roger,Ma,20-12-1986,Single,F,10,Milwaukee
270469,Lacey,Sun,21-12-1986,Single,F,2,Dallas
273822,Jenny,Pal,24-12-1986,Married,F,1,New_york
274209,Raul,Rai,25-12-1986,Married,F,5,Anaheim
269573,Meagan,Raman,29-12-1986,Single,M,8,Kansas_City
268745,Derek,Kumar,1/1/1987,Single,M,9,California
273747,Emma,Johnson,1/1/1987,Married,M,4,seattle
266843,Luke,Foster,2/1/1987,Married,F,5,Anaheim
269614,Monique,Hernandez,7/1/1987,Single,F,5,Anaheim
269733,Colin,She,7/1/1987,Married,F,8,Kansas_City
269723,Diane,Bradley,8/1/1987,Single,F,7,Detroit
272287,Sandra,Zheng,8/1/1987,Single,F,5,Anaheim
274977,Karl,Nara,10/1/1987,Married,F,2,Dallas
266875,Kelvin,Wang,10/1/1987,Married,F,9,California
271732,Deanna,Serrano,11/1/1987,Single,F,7,Detroit
273532,Crystal,Lu,11/1/1987,Single,F,9,California
271359,Adriana,Sara,14-01-1987,Married,F,2,Dallas
270170,Clarence,Chen,17-01-1987,Married,M,3,New_Jersey
267674,James,West,17-01-1987,Married,M,3,New_Jersey
274303,Natalie,Morgan,21-01-1987,Married,F,6,Chicago
273861,Colleen,Shan,22-01-1987,Married,F,5,Anaheim
273596,Karl,Shen,25-01-1987,Married,F,4,seattle
267876,Meghan,Moreno,25-01-1987,Married,F,3,New_Jersey
267203,Kristen,Li,1/2/1987,Married,M,1,New_york
267308,Joe,Hernandez,2/2/1987,Married,F,1,New_york
271306,Jamie,Harrison,3/2/1987,Married,M,9,California
274656,Dylan,Foster,3/2/1987,Married,M,5,Anaheim
270404,Jordan,Gonzalez,4/2/1987,Married,F,4,seattle
268765,Victoria,Moore,6/2/1987,Married,M,8,Kansas_City
274507,Eric,Washington,10/2/1987,Married,M,3,New_Jersey
269304,Candace,Van,14-02-1987,Married,F,5,Anaheim
266835,Trinity,James,16-02-1987,Single,F,1,New_york
271533,Kaitlyn,Barnes,20-02-1987,Married,F,9,California
274937,Victoria,Murphy,20-02-1987,Married,F,6,Chicago
274589,Savannah,Collins,22-02-1987,Married,M,8,Kansas_City
269962,Carl,Anand,24-02-1987,Married,F,7,Detroit
266858,Nina,Goel,25-02-1987,Married,M,1,New_york
269078,Sara,Hernandez,25-02-1987,Married,F,10,Milwaukee
275178,Xavier,Bell,27-02-1987,Married,F,2,Dallas
267341,Zachary,Miller,28-02-1987,Married,F,7,Detroit
270281,Jermaine,Martinez,1/3/1987,Married,F,5,Anaheim
267103,Destiny,Jones,5/3/1987,Single,M,8,Kansas_City
270854,Alexandra,Hill,6/3/1987,Single,F,3,New_Jersey
272129,Miguel,Henderson,9/3/1987,Single,F,2,Dallas
272506,Trinity,Rogers,10/3/1987,Single,F,6,Chicago
270428,Kristi,Malhotra,10/3/1987,Single,M,5,Anaheim
269370,Kristi,Ramos,12/3/1987,Married,F,6,Chicago
275044,Jorge,Lu,13-03-1987,Single,F,5,Anaheim
270723,Drew,Tang,13-03-1987,Married,M,9,California
269983,Jay,Rubio,14-03-1987,Single,F,7,Detroit
274288,Jillian,Suri,15-03-1987,Single,M,1,New_york
267488,Rosa,Huang,15-03-1987,Single,F,9,California
274198,Deanna,Srini,15-03-1987,Single,M,7,Detroit
268205,Michele,Raji,15-03-1987,Single,F,2,Dallas
268506,Mathew,Hernandez,17-03-1987,Single,M,5,Anaheim
273124,Jonathan,Evans,17-03-1987,Married,M,10,Milwaukee
268139,Leah,Yang,21-03-1987,Married,F,9,California
267217,Benjamin,Brown,23-03-1987,Single,M,2,Dallas
271520,Isaac,Watson,23-03-1987,Single,M,10,Milwaukee
270822,Kayla,Russell,26-03-1987,Married,M,10,Milwaukee
271810,Katherine,Watson,26-03-1987,Single,F,6,Chicago
274830,Andres,Kumar,26-03-1987,Single,M,4,seattle
275237,Tasha,Shan,26-03-1987,Single,F,5,Anaheim
274480,Samuel,King,3/4/1987,Single,M,6,Chicago
269780,Erik,Suarez,4/4/1987,Single,F,9,California
266901,Edwin,Huang,8/4/1987,Single,F,8,Kansas_City
268152,Isaiah,Reed,8/4/1987,Single,F,1,New_york
270268,Elijah,Kumar,11/4/1987,Married,F,8,Kansas_City
267361,Lauren,Watson,12/4/1987,Married,M,4,seattle
274534,Joe,Jordan,14-04-1987,Married,F,7,Detroit
274072,Mindy,Simpson,18-04-1987,Married,M,2,Dallas
270391,Miranda,Washington,18-04-1987,Single,M,5,Anaheim
271348,Blake,Bryant,19-04-1987,Married,F,7,Detroit
270300,David,Lewis,19-04-1987,Married,M,6,Chicago
267151,Deanna,Gonzalez,24-04-1987,Married,F,1,New_york
272171,Shawna,Black,26-04-1987,Single,M,6,Chicago
269454,Maurice,Andersen,26-04-1987,Married,M,1,New_york
272613,Josue,Diaz,28-04-1987,Single,M,6,Chicago
272417,Colleen,Luo,28-04-1987,Married,F,1,New_york
271280,Frank,Romero,29-04-1987,Married,M,6,Chicago
269057,Kurt,Raje,29-04-1987,Single,M,5,Anaheim
274104,Kenneth,Luo,3/5/1987,Single,F,1,New_york
267425,Marcus,Henderson,3/5/1987,Married,F,5,Anaheim
269705,Briana,Martin,4/5/1987,Married,F,1,New_york
267642,Amanda,Jenkins,9/5/1987,Single,F,2,Dallas
269968,Alberto,Jim├®nez,12/5/1987,Single,F,5,Anaheim
274064,Desiree,Gutierrez,12/5/1987,Married,M,1,New_york
267326,Ethan,Jai,13-05-1987,Single,M,8,Kansas_City
269178,Willie,Johnsen,13-05-1987,Single,F,4,seattle
268323,Clayton,Chen,17-05-1987,Single,M,8,Kansas_City
273229,Micah,Liu,17-05-1987,Single,M,2,Dallas
270744,Troy,Arun,17-05-1987,Single,M,8,Kansas_City
267631,Cynthia,Patel,18-05-1987,Married,F,10,Milwaukee
268804,Ebony,Martin,19-05-1987,Single,M,1,New_york
268972,Pedro,Gutierrez,19-05-1987,Single,M,10,Milwaukee
271302,Yolanda,Bhat,22-05-1987,Married,M,1,New_york
270504,Lori,Moreno,24-05-1987,Single,F,1,New_york
272904,Harold,Malhotra,24-05-1987,Single,F,5,Anaheim
273095,Jermaine,Raman,27-05-1987,Married,M,9,California
267408,Calvin,Rai,29-05-1987,Married,M,10,Milwaukee
270192,Jillian,Vance,1/6/1987,Married,F,4,seattle
268633,Alexia,Barnes,2/6/1987,Married,F,6,Chicago
270662,Omar,Ma,4/6/1987,Single,M,2,Dallas
272485,Tammy,Rodriguez,5/6/1987,Married,M,1,New_york
275048,Kathleen,Moreno,6/6/1987,Single,M,3,New_Jersey
273732,Kari,Lopez,6/6/1987,Married,F,5,Anaheim
275192,Brandy,Kapoor,8/6/1987,Married,F,8,Kansas_City
274385,Devon,Lal,8/6/1987,Married,M,9,California
271841,Jonathon,Alonso,9/6/1987,Married,M,10,Milwaukee
273507,Sergio,Rodriguez,9/6/1987,Married,M,8,Kansas_City
268037,Monique,Navarro,10/6/1987,Married,F,9,California
273716,Geoffrey,Madan,11/6/1987,Married,F,9,California
270213,Neil,Suarez,11/6/1987,Married,F,10,Milwaukee
271516,Lauren,Harris,12/6/1987,Married,M,1,New_york
272289,Alexis,Rodriguez,14-06-1987,Married,M,1,New_york
274248,Eduardo,Ross,17-06-1987,Married,M,6,Chicago
272846,Kaitlyn,Watson,18-06-1987,Married,F,7,Detroit
274708,Catherine,Stewart,18-06-1987,Single,F,8,Kansas_City
273123,Richard,Harris,19-06-1987,Married,M,3,New_Jersey
268169,Abigail,Anderson,20-06-1987,Single,F,6,Chicago
268832,Jose,Scott,21-06-1987,Single,F,3,New_Jersey
273552,Noah,Hall,22-06-1987,Single,F,10,Milwaukee
272648,Jada,Murphy,22-06-1987,Married,F,4,seattle
273083,Barry,Suri,24-06-1987,Married,F,10,Milwaukee
272111,Carla,Chapman,24-06-1987,Married,M,10,Milwaukee
272130,Evan,Collins,24-06-1987,Married,M,1,New_york
273329,Dalton,Ramirez,25-06-1987,Single,M,4,seattle
271092,Matthew,Anderson,26-06-1987,Single,F,7,Detroit
272752,Chloe,Reed,28-06-1987,Married,M,3,New_Jersey
271014,Franklin,Zhu,2/7/1987,Single,M,1,New_york
267046,Kathleen,Torres,3/7/1987,Single,M,6,Chicago
267349,Carolyn,Torres,6/7/1987,Married,F,2,Dallas
268992,Jan,Gonzalez,7/7/1987,Married,F,3,New_Jersey
273539,Paige,Coleman,7/7/1987,Married,M,6,Chicago
269883,Peter,Goel,8/7/1987,Married,F,9,California
267846,Kristopher,Malhotra,11/7/1987,Single,M,5,Anaheim
269591,Briana,Suarez,14-07-1987,Married,F,1,New_york
267500,Kendra,Alvarez,18-07-1987,Married,M,10,Milwaukee
268193,Shannon,Wu,18-07-1987,Single,M,10,Milwaukee
269037,Chloe,King,20-07-1987,Married,F,8,Kansas_City
270212,Ariana,Cox,20-07-1987,Single,F,1,New_york
269906,Samuel,Yang,21-07-1987,Single,F,7,Detroit
268658,Kyle,Gonzales,23-07-1987,Single,F,2,Dallas
270142,Brandon,Alexander,23-07-1987,Single,M,7,Detroit
270570,Alexander,Johnson,24-07-1987,Single,F,10,Milwaukee
270601,Eric,Collins,25-07-1987,Married,F,1,New_york
267473,Megan,Hall,25-07-1987,Single,M,3,New_Jersey
274845,Hailey,Griffin,25-07-1987,Single,M,7,Detroit
269212,Brandon,Russell,26-07-1987,Single,M,3,New_Jersey
267669,Hunter,Lee,27-07-1987,Single,F,4,seattle
273663,Mya,Griffin,29-07-1987,Single,M,6,Chicago
272323,Hunter,Anderson,29-07-1987,Single,M,8,Kansas_City
271781,Elizabeth,Thomas,1/8/1987,Married,M,8,Kansas_City
272711,Eugene,Li,1/8/1987,Single,M,9,California
267466,Jay,Prasad,6/8/1987,Single,F,7,Detroit
272318,Olivia,Rodriguez,7/8/1987,Single,F,8,Kansas_City
275028,Thomas,Nelson,7/8/1987,Married,F,5,Anaheim
273803,Stephanie,Baker,9/8/1987,Single,M,10,Milwaukee
268399,Logan,Perry,10/8/1987,Married,M,7,Detroit
269296,Katelyn,Gray,12/8/1987,Married,F,3,New_Jersey
269877,Edward,Thompson,12/8/1987,Married,F,3,New_Jersey
268910,Julia,Alexander,14-08-1987,Single,M,10,Milwaukee
267233,Megan,Bailey,21-08-1987,Single,F,10,Milwaukee
269854,Mason,Watson,23-08-1987,Married,F,3,New_Jersey
273499,Michael,Robinson,26-08-1987,Married,F,6,Chicago
271524,Louis,Shan,28-08-1987,Married,M,1,New_york
269952,Chloe,Peterson,29-08-1987,Married,M,8,Kansas_City
270588,Nicole,Bryant,29-08-1987,Married,M,3,New_Jersey
269820,Joe,Chandra,1/9/1987,Married,M,3,New_Jersey
274778,Charles,Lopez,1/9/1987,Married,M,7,Detroit
272654,Seth,Butler,1/9/1987,Married,M,6,Chicago
268569,Amy,Guo,2/9/1987,Single,M,4,seattle
267776,Brianna,Thomas,3/9/1987,Single,F,5,Anaheim
267550,Haley,Patterson,4/9/1987,Single,M,9,California
274098,Miranda,Powell,4/9/1987,Married,M,5,Anaheim
272153,Jacquelyn,Ortega,5/9/1987,Single,F,10,Milwaukee
274738,Victoria,Sanchez,7/9/1987,Married,M,4,seattle
274359,Jennifer,Garcia,8/9/1987,Married,F,7,Detroit
272420,Christy,Lal,8/9/1987,Married,F,6,Chicago
274923,Dylan,Wilson,8/9/1987,Married,M,8,Kansas_City
272079,Amanda,Stewart,9/9/1987,Married,M,2,Dallas
275089,Brandon,Thompson,10/9/1987,Married,F,3,New_Jersey
270011,Alexandria,Gonzales,12/9/1987,Married,F,4,seattle
275167,Garrett,Morris,12/9/1987,Married,F,4,seattle
268392,Eduardo,Torres,13-09-1987,Single,M,1,New_york
267517,Katherine,Bennett,14-09-1987,Married,F,9,California
272148,Alexis,Harris,16-09-1987,Married,F,3,New_Jersey
274897,Rachel,Jenkins,16-09-1987,Married,M,2,Dallas
270803,Grace,Watson,17-09-1987,Married,F,4,seattle
275026,Jade,Sanchez,18-09-1987,Married,M,3,New_Jersey
273954,Eduardo,Brooks,22-09-1987,Married,M,5,Anaheim
271515,Blake,Phillips,24-09-1987,Married,M,7,Detroit
273062,Evan,Green,24-09-1987,Married,F,5,Anaheim
268498,Eduardo,Wilson,25-09-1987,Married,M,7,Detroit
274576,Renee,Serrano,25-09-1987,Married,M,6,Chicago
270873,Elijah,Hayes,2/10/1987,Married,F,6,Chicago
274813,Todd,Zheng,2/10/1987,Married,M,6,Chicago
269926,Paula,Hernandez,5/10/1987,Single,F,4,seattle
266848,Fernando,Jackson,7/10/1987,Married,F,10,Milwaukee
274755,Brianna,Cox,8/10/1987,Single,M,9,California
269967,Catherine,Richardson,8/10/1987,Single,F,3,New_Jersey
268706,Jacob,Taylor,8/10/1987,Married,M,7,Detroit
269225,Jason,Sharma,11/10/1987,Married,M,9,California
272465,Marie,Diaz,12/10/1987,Married,M,7,Detroit
267653,Sydney,Williams,14-10-1987,Single,M,5,Anaheim
270870,Emily,Patterson,14-10-1987,Single,F,3,New_Jersey
271161,Marco,Garcia,16-10-1987,Married,F,3,New_Jersey
267110,Rachel,Gonzales,18-10-1987,Married,F,7,Detroit
271137,Marie,Navarro,18-10-1987,Married,M,10,Milwaukee
268931,Noah,Zhang,19-10-1987,Married,F,1,New_york
271633,Brittany,Barnes,20-10-1987,Married,M,6,Chicago
269874,Lacey,Deng,20-10-1987,Married,F,5,Anaheim
270132,Ashlee,Raji,23-10-1987,Married,F,4,seattle
268867,Carson,Barnes,24-10-1987,Married,F,4,seattle
275257,Luke,Russell,25-10-1987,Married,M,5,Anaheim
268164,Ashley,Perry,29-10-1987,Married,M,2,Dallas
271147,Charles,Rodriguez,2/11/1987,Single,M,5,Anaheim
273226,Deanna,Alonso,2/11/1987,Married,F,10,Milwaukee
273371,Greg,Carter,3/11/1987,Single,F,8,Kansas_City
267552,Stephanie,Gonzalez,4/11/1987,Married,M,4,seattle
267890,Kathleen,Serrano,5/11/1987,Married,M,2,Dallas
268224,Steve,Lu,7/11/1987,Married,M,10,Milwaukee
273734,Raymond,Martinez,7/11/1987,Single,F,9,California
271458,Michele,Xu,7/11/1987,Single,F,7,Detroit
272493,Corey,Kumar,8/11/1987,Married,M,8,Kansas_City
271180,Janelle,Martinez,8/11/1987,Married,M,4,seattle
271037,Dawn,Jai,10/11/1987,Married,M,4,seattle
271661,Craig,Navarro,10/11/1987,Married,M,7,Detroit
268827,Danielle,Sanders,10/11/1987,Single,F,5,Anaheim
267178,Logan,Yang,11/11/1987,Married,M,5,Anaheim
271459,Ryan,Martin,11/11/1987,Married,M,8,Kansas_City
273652,Thomas,Gonzales,11/11/1987,Single,M,4,seattle
267337,Jennifer,Adams,11/11/1987,Married,F,10,Milwaukee
266944,Justin,Yang,13-11-1987,Married,F,10,Milwaukee
269623,Aidan,Bryant,16-11-1987,Single,M,8,Kansas_City
271775,Victoria,Gray,17-11-1987,Married,M,1,New_york
275194,Alyssa,Coleman,18-11-1987,Married,M,10,Milwaukee
268802,Alyssa,White,19-11-1987,Single,F,1,New_york
267060,Brandi,Martin,23-11-1987,Married,F,1,New_york
274315,Connor,Perez,23-11-1987,Married,F,7,Detroit
267547,Jessica,Butler,24-11-1987,Married,M,4,seattle
272131,Cameron,Bryant,24-11-1987,Married,M,4,seattle
273446,Miguel,Alexander,25-11-1987,Married,F,8,Kansas_City
269669,Kaitlyn,Jones,26-11-1987,Married,F,3,New_Jersey
268144,Donna,Kumar,27-11-1987,Married,F,8,Kansas_City
271606,Alisha,Chande,2/12/1987,Single,M,3,New_Jersey
268727,Megan,Sanders,3/12/1987,Single,M,10,Milwaukee
267147,Brianna,Jackson,4/12/1987,Single,M,9,California
267318,Devin,Ward,5/12/1987,Married,M,7,Detroit
267245,Amanda,Griffin,5/12/1987,Married,M,6,Chicago
268659,Nathan,Robinson,6/12/1987,Married,F,2,Dallas
274540,Alexa,Howard,7/12/1987,Married,F,1,New_york
269324,Kimberly,Blue,10/12/1987,Married,M,7,Detroit
269268,Charles,Rivera,11/12/1987,Married,M,5,Anaheim
272698,Xavier,Alan,11/12/1987,Married,M,8,Kansas_City
272847,Destiny,Reed,12/12/1987,Married,F,3,New_Jersey
274918,Nicholas,Taylor,14-12-1987,Single,M,9,California
270485,Miguel,Rodriguez,15-12-1987,Married,M,6,Chicago
273521,Victoria,Smith,15-12-1987,Married,F,4,seattle
268060,Joan,King,17-12-1987,Single,F,6,Chicago
271612,Jonathan,Turner,20-12-1987,Married,F,10,Milwaukee
268184,Jordyn,Powell,26-12-1987,Married,F,6,Chicago
268326,Sydney,Brown,27-12-1987,Single,F,1,New_york
268782,Rebekah,Ruiz,28-12-1987,Married,M,3,New_Jersey
274265,Natalie,Wilson,28-12-1987,Married,M,9,California
271957,Joseph,Clark,29-12-1987,Single,F,2,Dallas
274074,Julia,Wilson,29-12-1987,Married,F,6,Chicago
269961,Karl,Tang,29-12-1987,Married,F,1,New_york
272690,Jose,Wang,2/1/1988,Married,F,2,Dallas
268671,Mackenzie,Murphy,3/1/1988,Single,M,5,Anaheim
270463,Samuel,Roberts,6/1/1988,Married,M,9,California
274275,Rachel,Hughes,6/1/1988,Single,M,4,seattle
270726,Connor,Evans,7/1/1988,Married,M,6,Chicago
267462,Jeremiah,Ross,11/1/1988,Married,M,7,Detroit
275002,Sydney,Robinson,15-01-1988,Single,M,2,Dallas
267211,Miguel,Ross,15-01-1988,Married,M,1,New_york
268489,Amanda,Butler,17-01-1988,Single,F,9,California
267295,Julia,Lee,19-01-1988,Single,M,9,California
270093,Olivia,Thompson,20-01-1988,Single,F,7,Detroit
274222,Eduardo,Cooper,21-01-1988,Married,M,3,New_Jersey
270388,Katherine,Harris,22-01-1988,Married,M,9,California
273785,Jay,Chandra,22-01-1988,Single,M,5,Anaheim
271966,Ryan,Griffin,25-01-1988,Married,M,6,Chicago
267897,Donald,Prasad,27-01-1988,Married,F,4,seattle
269739,Isaac,Richardson,28-01-1988,Married,M,5,Anaheim
270491,Rachel,Gray,1/2/1988,Married,M,5,Anaheim
266958,Edward,Barnes,1/2/1988,Married,F,9,California
271653,Alvin,Lu,1/2/1988,Single,M,1,New_york
271487,Angel,Kelly,2/2/1988,Single,F,3,New_Jersey
267059,Carlos,Baker,2/2/1988,Single,M,4,seattle
267862,Nathan,Hernandez,2/2/1988,Married,F,1,New_york
269909,Cameron,Clark,3/2/1988,Single,F,10,Milwaukee
270888,Kelly,Griffin,5/2/1988,Married,F,4,seattle
270206,Jack,Long,7/2/1988,Single,F,2,Dallas
274183,Rebecca,Hill,7/2/1988,Single,F,7,Detroit
268773,Tina,Sai,8/2/1988,Married,M,1,New_york
267048,Cristina,Kumar,8/2/1988,Single,M,8,Kansas_City
268092,Jade,Murphy,11/2/1988,Single,M,8,Kansas_City
268119,Richard,Howard,13-02-1988,Married,F,7,Detroit
274633,Aaron,Li,16-02-1988,Married,F,7,Detroit
273538,Alfredo,Jim├®nez,16-02-1988,Married,F,9,California
274296,John,Jackson,17-02-1988,Married,M,6,Chicago
266887,Alvin,Kumar,20-02-1988,Single,F,4,seattle
268082,Adam,Sharma,21-02-1988,Single,F,5,Anaheim
270265,Brent,Zhou,22-02-1988,Married,F,5,Anaheim
271511,Geoffrey,Raman,23-02-1988,Single,M,8,Kansas_City
272475,Patricia,Suri,23-02-1988,Single,F,5,Anaheim
268936,Candace,Srini,26-02-1988,Married,F,8,Kansas_City
268715,Arthur,Rodriguez,27-02-1988,Married,M,1,New_york
272380,Mason,Evans,28-02-1988,Married,F,4,seattle
270096,Jon,Pal,28-02-1988,Married,M,10,Milwaukee
268315,Christy,Zeng,28-02-1988,Married,F,10,Milwaukee
274727,Alejandro,Shen,28-02-1988,Married,M,2,Dallas
267757,Francisco,Patel,2/3/1988,Married,F,5,Anaheim
272679,Roy,Fernandez,4/3/1988,Married,F,2,Dallas
267568,Bob,Lopez,7/3/1988,Married,M,5,Anaheim
268609,Levi,Madan,7/3/1988,Single,F,6,Chicago
273141,Regina,Madan,7/3/1988,Married,M,8,Kansas_City
275137,Omar,She,8/3/1988,Married,M,9,California
275215,Cedric,Yuan,8/3/1988,Married,F,4,seattle
268687,Marshall,Black,11/3/1988,Married,M,1,New_york
272985,Linda,Munoz,12/3/1988,Married,F,10,Milwaukee
268859,Alison,Goel,13-03-1988,Married,F,7,Detroit
267910,Isabelle,Barnes,14-03-1988,Married,F,1,New_york
274984,Ian,Bennett,15-03-1988,Married,F,5,Anaheim
270643,Denise,Raman,16-03-1988,Single,M,8,Kansas_City
272923,Donald,Suri,19-03-1988,Single,M,3,New_Jersey
271389,Adriana,Martinez,20-03-1988,Married,M,5,Anaheim
268915,Krystal,Ma,21-03-1988,Married,F,2,Dallas
273009,Beth,Dominguez,22-03-1988,Married,F,9,California
271778,Bethany,Nara,23-03-1988,Married,F,6,Chicago
271293,Alberto,Gutierrez,23-03-1988,Married,F,2,Dallas
272159,Tony,Chande,25-03-1988,Married,M,6,Chicago
272202,Terrence,Yuan,26-03-1988,Single,M,2,Dallas
268056,Kristi,Blanco,26-03-1988,Married,M,10,Milwaukee
269681,Jacquelyn,Navarro,28-03-1988,Married,M,4,seattle
271598,Elijah,Perez,28-03-1988,Married,M,7,Detroit
273643,Caleb,Shan,28-03-1988,Married,F,10,Milwaukee
273449,Emma,Foster,28-03-1988,Married,M,7,Detroit
271398,Fernando,Williams,29-03-1988,Married,M,2,Dallas
275081,Hailey,Lopez,1/4/1988,Married,F,7,Detroit
270159,Destiny,White,4/4/1988,Single,F,7,Detroit
267389,Jennifer,Torres,4/4/1988,Single,F,3,New_Jersey
272355,Abigail,Jenkins,5/4/1988,Single,F,3,New_Jersey
267559,Cameron,Lal,5/4/1988,Married,F,2,Dallas
271032,Kaitlyn,Brooks,6/4/1988,Single,M,3,New_Jersey
270690,Alyssa,Powell,9/4/1988,Single,M,4,seattle
272735,Jose,Adams,12/4/1988,Single,M,6,Chicago
272255,Melanie,Russell,17-04-1988,Married,M,3,New_Jersey
269132,Andrea,Wright,19-04-1988,Married,F,2,Dallas
273267,Denise,Lopez,20-04-1988,Married,F,7,Detroit
269533,Jamie,Zhang,21-04-1988,Single,F,9,California
266813,Audrey,Rubio,21-04-1988,Married,F,9,California
269202,Katherine,Robinson,22-04-1988,Married,F,8,Kansas_City
268198,Samuel,Henderson,22-04-1988,Married,F,8,Kansas_City
268106,Jordan,Wright,26-04-1988,Married,F,4,seattle
272007,Kevin,Griffin,27-04-1988,Married,M,7,Detroit
270437,Jesse,Ramirez,28-04-1988,Single,F,6,Chicago
269507,Evan,Richardson,2/5/1988,Married,F,5,Anaheim
270256,Emily,Thompson,3/5/1988,Single,M,8,Kansas_City
268350,Kaitlyn,Rivera,3/5/1988,Single,M,8,Kansas_City
274059,Shannon,Li,5/5/1988,Single,M,4,seattle
273463,Grace,Long,5/5/1988,Single,F,2,Dallas
269032,Eric,Chen,7/5/1988,Married,F,5,Anaheim
271872,Anna,Ross,8/5/1988,Single,F,4,seattle
267235,Craig,Alonso,8/5/1988,Married,M,6,Chicago
268016,Kelli,Goel,8/5/1988,Single,M,8,Kansas_City
269499,Katelyn,Phillips,8/5/1988,Married,M,6,Chicago
273120,Alexandra,Washington,10/5/1988,Married,F,4,seattle
271914,Robert,Thomas,12/5/1988,Married,M,2,Dallas
270210,Keith,Raji,12/5/1988,Married,F,4,seattle
268250,Justin,Simmons,14-05-1988,Married,M,1,New_york
272975,Nathaniel,Howard,15-05-1988,Single,F,5,Anaheim
268180,Caitlin,James,16-05-1988,Single,F,7,Detroit
269768,Jared,James,17-05-1988,Single,M,7,Detroit
270231,Gabriella,Bailey,19-05-1988,Single,M,3,New_Jersey
268464,Evan,Sanders,19-05-1988,Single,F,1,New_york
272040,Hailey,Campbell,19-05-1988,Married,M,10,Milwaukee
271002,Megan,Brooks,19-05-1988,Married,F,2,Dallas
267714,Zachary,Washington,22-05-1988,Married,F,7,Detroit
270680,Ernest,She,22-05-1988,Married,M,9,California
275211,Haley,Kelly,23-05-1988,Married,M,1,New_york
267909,Jose,Hayes,23-05-1988,Married,M,10,Milwaukee
271604,Madeline,Perez,26-05-1988,Single,F,9,California
268594,Angela,Ramirez,1/6/1988,Single,F,10,Milwaukee
271244,Carlos,Wright,2/6/1988,Married,F,3,New_Jersey
271307,Shaun,Raje,2/6/1988,Married,M,8,Kansas_City
269409,Thomas,Edwards,7/6/1988,Single,F,1,New_york
273631,Richard,Bryant,9/6/1988,Married,M,9,California
267497,Jennifer,Evans,13-06-1988,Married,F,4,seattle
274988,Desiree,Navarro,14-06-1988,Single,M,4,seattle
266911,Kathryn,Deng,16-06-1988,Single,F,6,Chicago
271190,Ethan,Russell,16-06-1988,Married,M,3,New_Jersey
274077,Jonathan,Yang,17-06-1988,Single,M,6,Chicago
272225,Dalton,Stone,22-06-1988,Married,F,1,New_york
273702,Marie,Gonzalez,22-06-1988,Single,F,5,Anaheim
270899,Isabelle,Flores,22-06-1988,Single,M,2,Dallas
266803,Megan,Rivera,23-06-1988,Single,F,1,New_york
270503,Lucas,Ramirez,28-06-1988,Married,M,4,seattle
267586,Jason,Allen,28-06-1988,Married,F,6,Chicago
268344,Madison,Johnson,1/7/1988,Single,M,7,Detroit
268841,Calvin,Raji,4/7/1988,Married,F,7,Detroit
268634,Marshall,Jai,5/7/1988,Single,M,2,Dallas
269933,Anna,Richardson,6/7/1988,Single,M,10,Milwaukee
270697,Steven,Bell,9/7/1988,Single,F,9,California
269071,Jordan,Scott,10/7/1988,Married,M,10,Milwaukee
269736,Victoria,Thomas,12/7/1988,Married,M,8,Kansas_City
267374,Destiny,Peterson,13-07-1988,Married,M,6,Chicago
271008,Luis,Lal,14-07-1988,Single,F,4,seattle
269252,Raul,Goel,17-07-1988,Single,F,3,New_Jersey
270895,Randall,Ortega,17-07-1988,Single,M,10,Milwaukee
272731,Zoe,Morris,20-07-1988,Single,F,7,Detroit
274661,Andrea,Baker,21-07-1988,Single,F,10,Milwaukee
267503,Emma,Flores,21-07-1988,Single,F,5,Anaheim
272416,Thomas,Brown,21-07-1988,Married,F,1,New_york
268828,Jennifer,Rivera,22-07-1988,Married,F,8,Kansas_City
273023,Robert,Jenkins,24-07-1988,Married,F,5,Anaheim
273515,Cassidy,Wood,24-07-1988,Married,F,7,Detroit
270974,Morgan,Brooks,26-07-1988,Married,M,4,seattle
270527,Richard,Davis,26-07-1988,Single,F,6,Chicago
273731,Orlando,Alonso,28-07-1988,Single,F,7,Detroit
268661,Kaylee,Gray,28-07-1988,Single,M,3,New_Jersey
270041,Tyler,Lewis,29-07-1988,Single,F,4,seattle
270616,Ivan,Lopez,1/8/1988,Single,M,9,California
272871,Zoe,Bailey,2/8/1988,Single,F,8,Kansas_City
268317,Hailey,Barnes,3/8/1988,Married,M,8,Kansas_City
270568,Dylan,Davis,4/8/1988,Married,F,1,New_york
270681,Nathaniel,Murphy,6/8/1988,Married,M,6,Chicago
268669,Hailey,Morris,7/8/1988,Married,F,6,Chicago
267499,Devin,Flores,7/8/1988,Married,F,9,California
267797,Gabrielle,Gray,10/8/1988,Married,M,8,Kansas_City
273798,Angel,Young,10/8/1988,Single,F,5,Anaheim
274707,Kaitlyn,James,14-08-1988,Single,M,3,New_Jersey
268476,Luke,Lopez,15-08-1988,Married,F,6,Chicago
273334,Eduardo,Hughes,15-08-1988,Married,M,5,Anaheim
271906,Kyle,Mitchell,18-08-1988,Single,M,10,Milwaukee
275011,Aaron,Foster,19-08-1988,Married,F,2,Dallas
266889,Carmen,Madan,19-08-1988,Married,M,3,New_Jersey
268122,Aaron,Hayes,21-08-1988,Married,M,8,Kansas_City
270321,Morgan,Ward,22-08-1988,Married,F,9,California
271360,Brianna,Powell,24-08-1988,Single,F,4,seattle
269326,Angel,Allen,26-08-1988,Single,F,6,Chicago
272749,Anna,Garcia,28-08-1988,Married,F,3,New_Jersey
267037,Thomas,Wilson,2/9/1988,Single,F,1,New_york
267534,Carlos,Peterson,3/9/1988,Single,F,3,New_Jersey
275243,Alvin,Ye,3/9/1988,Married,M,5,Anaheim
274817,Carly,Raje,6/9/1988,Single,M,10,Milwaukee
274816,Mayra,Malhotra,6/9/1988,Married,M,1,New_york
268096,Diane,Gill,8/9/1988,Married,F,4,seattle
270716,Brittany,Coleman,8/9/1988,Single,F,6,Chicago
273135,Ruben,Raman,10/9/1988,Married,F,4,seattle
271488,Toni,Perez,12/9/1988,Single,M,5,Anaheim
273533,Jeffery,Cai,12/9/1988,Married,M,2,Dallas
269257,Lindsey,Xu,13-09-1988,Single,M,4,seattle
266807,Christy,Raji,13-09-1988,Married,M,4,seattle
271625,Roy,Garcia,15-09-1988,Married,F,2,Dallas
269585,Victor,Blanco,15-09-1988,Married,M,8,Kansas_City
270762,Jessica,Ward,17-09-1988,Married,M,3,New_Jersey
272844,Kristy,Alvarez,18-09-1988,Married,F,4,seattle
273422,Gilbert,He,18-09-1988,Married,M,4,seattle
269692,Marshall,Wu,23-09-1988,Married,M,1,New_york
267688,Darren,Srini,25-09-1988,Single,F,4,seattle
269624,Janet,Moreno,25-09-1988,Married,M,5,Anaheim
273799,Naomi,Martin,26-09-1988,Married,F,10,Milwaukee
273922,Joanna,Carlson,26-09-1988,Single,M,5,Anaheim
270244,Andre,Sanchez,26-09-1988,Married,F,5,Anaheim
274579,Gilbert,Goel,27-09-1988,Single,M,10,Milwaukee
269444,Terry,Raji,27-09-1988,Married,M,3,New_Jersey
268014,Tanya,Rubio,28-09-1988,Single,M,8,Kansas_City
266910,Darryl,Ma,28-09-1988,Single,M,6,Chicago
269340,Josue,Dominguez,3/10/1988,Married,M,6,Chicago
272611,Naomi,Moreno,7/10/1988,Married,M,7,Detroit
270397,Warren,Wu,7/10/1988,Single,F,3,New_Jersey
270481,Philip,Blanco,11/10/1988,Married,M,7,Detroit
272142,Clifford,Prasad,13-10-1988,Married,M,8,Kansas_City
269537,Alan,Yang,13-10-1988,Married,F,5,Anaheim
272805,Marco,Prasad,15-10-1988,Married,M,2,Dallas
270868,Ricky,Gill,23-10-1988,Single,M,1,New_york
269612,Faith,James,24-10-1988,Single,F,8,Kansas_City
274804,Karl,Sharma,25-10-1988,Single,F,10,Milwaukee
268307,Jessica,Gonzales,26-10-1988,Single,M,8,Kansas_City
270724,Michele,Patel,26-10-1988,Single,F,9,California
272140,Damien,Ma,27-10-1988,Single,M,10,Milwaukee
266900,Melinda,Moreno,27-10-1988,Single,M,9,California
271252,Faith,Simmons,27-10-1988,Married,F,6,Chicago
272823,Erika,Alvarez,1/11/1988,Single,M,9,California
269309,Janet,Alonso,2/11/1988,Single,M,9,California
272996,Dawn,Chande,4/11/1988,Single,F,9,California
269047,Gabriel,Sharma,4/11/1988,Married,M,4,seattle
274046,Levi,Subram,4/11/1988,Married,F,10,Milwaukee
274108,Dominique,Subram,5/11/1988,Single,F,4,seattle
272824,Kelli,Wu,8/11/1988,Single,M,6,Chicago
272718,Yvonne,Schleger,10/11/1988,Single,F,7,Detroit
271859,Molly,Madan,12/11/1988,Married,F,1,New_york
275229,Tyrone,Rubio,16-11-1988,Married,M,3,New_Jersey
269703,Clinton,Alvarez,17-11-1988,Married,M,8,Kansas_City
267987,Eduardo,White,18-11-1988,Married,M,9,California
268355,Troy,Srini,19-11-1988,Single,F,8,Kansas_City
269923,Brianna,Sandberg,20-11-1988,Married,F,8,Kansas_City
268820,Meghan,Ruiz,22-11-1988,Single,F,10,Milwaukee
271788,Nichole,Tang,25-11-1988,Single,M,5,Anaheim
267860,Clayton,Andersen,29-11-1988,Single,M,7,Detroit
270737,Gloria,Carlson,29-11-1988,Married,M,7,Detroit
273012,Ashlee,Shan,1/12/1988,Single,M,8,Kansas_City
268353,Dalton,Kelly,3/12/1988,Single,F,2,Dallas
267833,Sheila,Martin,5/12/1988,Single,F,8,Kansas_City
272275,David,White,5/12/1988,Single,F,10,Milwaukee
271814,Russell,Sharma,6/12/1988,Single,F,5,Anaheim
266923,Rosa,He,7/12/1988,Married,M,7,Detroit
270240,Melanie,Coleman,7/12/1988,Married,M,1,New_york
268918,Gary,Gomez,11/12/1988,Single,M,6,Chicago
270535,Marco,Sara,13-12-1988,Married,F,7,Detroit
273281,Cara,Gao,14-12-1988,Single,F,9,California
269551,Omar,Raji,16-12-1988,Single,M,4,seattle
273292,Savannah,Gonzalez,17-12-1988,Single,F,5,Anaheim
268052,Javier,Gill,18-12-1988,Married,M,7,Detroit
267207,Emma,Kelly,19-12-1988,Single,F,1,New_york
274505,Dawn,He,21-12-1988,Married,M,9,California
275129,Edgar,Gonzalez,22-12-1988,Married,M,10,Milwaukee
272154,Melinda,Jimenez,24-12-1988,Married,F,2,Dallas
272434,Ronnie,Li,24-12-1988,Single,F,10,Milwaukee
273536,Ann,Lopez,25-12-1988,Single,M,3,New_Jersey
272442,Barbara,Wang,27-12-1988,Married,F,1,New_york
270833,Gerald,Madan,27-12-1988,Single,M,10,Milwaukee
268829,Levi,Fernandez,27-12-1988,Single,F,7,Detroit
274827,Deanna,Gomez,27-12-1988,Married,F,8,Kansas_City
272554,Darryl,Zhao,27-12-1988,Single,M,3,New_Jersey
267665,Marcus,Hayes,27-12-1988,Married,F,5,Anaheim
267005,Victoria,Rogers,27-12-1988,Single,M,4,seattle
273306,Angela,Rivera,28-12-1988,Married,M,3,New_Jersey
267023,April,Jai,28-12-1988,Married,F,8,Kansas_City
272237,Brandon,Robinson,29-12-1988,Married,F,1,New_york
267677,Megan,Richardson,1/1/1989,Married,M,4,seattle
269875,Mandy,Chen,2/1/1989,Married,M,4,seattle
270196,Jill,Vazquez,4/1/1989,Single,M,8,Kansas_City
273257,Kristi,Sai,7/1/1989,Married,M,5,Anaheim
271473,Bianca,Liang,7/1/1989,Single,F,2,Dallas
269422,Hector,Ramos,9/1/1989,Married,M,6,Chicago
274331,Erick,Fernandez,11/1/1989,Married,M,1,New_york
274306,Paul,Suurs,12/1/1989,Married,M,2,Dallas
266999,Sergio,S├ínchez,13-01-1989,Married,M,1,New_york
267234,Lawrence,Torres,13-01-1989,Single,M,2,Dallas
273569,Kelvin,Nara,13-01-1989,Single,M,1,New_york
270301,Jon,Goel,14-01-1989,Single,M,3,New_Jersey
269907,Tommy,Raheem,20-01-1989,Single,F,5,Anaheim
274594,Jay,Alonso,21-01-1989,Married,M,5,Anaheim
274686,Todd,Wang,21-01-1989,Single,M,9,California
269114,Alyssa,Bradley,22-01-1989,Married,F,5,Anaheim
271225,Susan,Zhou,23-01-1989,Married,M,4,seattle
267539,Robert,Patterson,25-01-1989,Married,F,6,Chicago
271422,Tasha,She,25-01-1989,Married,F,8,Kansas_City
270875,Emma,Gonzales,26-01-1989,Married,M,2,Dallas
273543,Heidi,Garcia,28-01-1989,Single,M,8,Kansas_City
274815,Jessie,Carlson,1/2/1989,Single,F,6,Chicago
266998,Tyrone,Suarez,1/2/1989,Single,F,5,Anaheim
272623,Robin,Vazquez,3/2/1989,Married,F,9,California
267045,Pedro,Vazquez,5/2/1989,Married,M,8,Kansas_City
267579,Jay,Suri,5/2/1989,Married,F,6,Chicago
269431,Chase,Gray,6/2/1989,Married,M,5,Anaheim
272147,Stacey,Wang,7/2/1989,Single,M,9,California
271260,Clifford,Perez,7/2/1989,Single,M,7,Detroit
271499,Julian,Henderson,10/2/1989,Married,F,10,Milwaukee
269348,Ryan,Garcia,10/2/1989,Married,M,9,California
267181,Isabel,Barnes,12/2/1989,Single,M,7,Detroit
271845,Stephanie,Diaz,17-02-1989,Married,F,4,seattle
272724,Bruce,Gomez,21-02-1989,Married,M,7,Detroit
273469,Damien,Sun,21-02-1989,Married,F,5,Anaheim
274479,Julia,Morris,21-02-1989,Married,M,3,New_Jersey
274371,Susan,Wang,22-02-1989,Single,F,9,California
267099,Jonathon,Hernandez,25-02-1989,Married,M,5,Anaheim
268871,Eugene,Guo,25-02-1989,Married,F,4,seattle
269655,Jillian,Kapoor,27-02-1989,Married,F,10,Milwaukee
274199,Ruth,Mehta,27-02-1989,Married,F,7,Detroit
268229,Alison,Chande,1/3/1989,Married,F,3,New_Jersey
272607,Peter,Luo,2/3/1989,Single,F,1,New_york
271320,Gabriel,Simmons,4/3/1989,Married,F,10,Milwaukee
270805,Tina,Arthur,5/3/1989,Married,M,9,California
273505,Robin,Rubio,5/3/1989,Married,F,7,Detroit
268450,Nina,Jai,6/3/1989,Married,M,3,New_Jersey
271160,Chelsea,Prasad,7/3/1989,Married,M,1,New_york
267401,Brandy,Rana,9/3/1989,Married,M,9,California
268209,Jeffery,Liang,10/3/1989,Married,M,3,New_Jersey
273958,Whitney,Chandra,10/3/1989,Married,M,7,Detroit
267249,Hannah,Lee,11/3/1989,Married,F,5,Anaheim
271113,Bethany,Pal,11/3/1989,Single,M,6,Chicago
268783,Isabella,Adams,12/3/1989,Single,M,4,seattle
269790,Roy,Madan,13-03-1989,Single,F,10,Milwaukee
275241,Alexia,Henderson,16-03-1989,Single,M,3,New_Jersey
273813,Heather,Lin,19-03-1989,Married,M,9,California
267598,Lacey,Liang,21-03-1989,Married,F,9,California
273774,Jaime,Ramos,24-03-1989,Married,F,9,California
271085,Cara,Guo,24-03-1989,Single,M,7,Detroit
267611,Angela,Jenkins,25-03-1989,Married,M,4,seattle
273745,Kate,Deng,25-03-1989,Married,F,10,Milwaukee
268664,Roger,She,26-03-1989,Single,M,8,Kansas_City
269408,Trevor,Price,27-03-1989,Married,F,8,Kansas_City
271158,Faith,Barnes,28-03-1989,Married,M,10,Milwaukee
268274,Alisha,Zeng,2/4/1989,Married,M,4,seattle
269350,Keith,Sharma,4/4/1989,Married,F,5,Anaheim
267056,Mayra,Suri,6/4/1989,Married,M,8,Kansas_City
267483,Philip,Dominguez,8/4/1989,Married,M,2,Dallas
268885,Corey,Chavez,14-04-1989,Single,F,6,Chicago
274156,Sandra,Zhu,14-04-1989,Married,F,4,seattle
270852,Leslie,Ramos,17-04-1989,Married,F,3,New_Jersey
273174,Alicia,Lal,18-04-1989,Married,F,2,Dallas
273364,Lori,Blanco,18-04-1989,Married,M,10,Milwaukee
267680,Sheena,Raje,19-04-1989,Married,M,7,Detroit
272364,Alexander,Robinson,21-04-1989,Single,M,8,Kansas_City
273026,Abigail,Miller,21-04-1989,Married,M,10,Milwaukee
274795,Garrett,Rogers,22-04-1989,Married,F,9,California
267737,Johnny,Kumar,23-04-1989,Married,M,5,Anaheim
267264,Isabella,Allen,25-04-1989,Married,F,6,Chicago
273071,Grace,Thompson,28-04-1989,Married,M,2,Dallas
268039,Chloe,Thompson,1/5/1989,Married,F,2,Dallas
269356,Angela,Gray,1/5/1989,Married,M,6,Chicago
275061,Julian,Hayes,4/5/1989,Married,M,9,California
275153,Emily,Walker,5/5/1989,Married,M,10,Milwaukee
269845,Evan,Nelson,5/5/1989,Married,M,8,Kansas_City
270927,Austin,Jenkins,6/5/1989,Married,F,2,Dallas
270897,Grace,Brown,7/5/1989,Single,F,9,California
274860,Kaitlin,Martinez,9/5/1989,Married,M,5,Anaheim
269890,Kristen,Xu,9/5/1989,Single,F,4,seattle
267557,Bobby,Rodriguez,9/5/1989,Married,M,6,Chicago
272772,Margaret,Li,12/5/1989,Single,M,5,Anaheim
272067,Crystal,Xu,14-05-1989,Single,M,5,Anaheim
267968,Connor,Flores,16-05-1989,Married,F,7,Detroit
272974,Kari,Gutierrez,16-05-1989,Single,M,2,Dallas
273453,Edwin,Ferrier,17-05-1989,Single,M,8,Kansas_City
269095,Arturo,Andersen,18-05-1989,Married,F,2,Dallas
274863,Erin,Brooks,18-05-1989,Married,F,5,Anaheim
274671,Richard,James,20-05-1989,Married,F,9,California
272338,Xavier,Thompson,20-05-1989,Single,F,6,Chicago
269111,Garrett,Stewart,20-05-1989,Single,M,6,Chicago
266930,Xavier,Young,22-05-1989,Married,F,8,Kansas_City
268402,Louis,Guo,23-05-1989,Single,F,9,California
274172,Gilbert,Deng,23-05-1989,Married,F,3,New_Jersey
270441,Priscilla,Black,25-05-1989,Single,F,1,New_york
268024,George,Prasad,26-05-1989,Single,M,5,Anaheim
273168,Victoria,Walker,27-05-1989,Married,F,3,New_Jersey
269162,Kelly,Coleman,29-05-1989,Married,M,3,New_Jersey
268946,Xavier,Brooks,29-05-1989,Single,F,1,New_york
272086,Maria,Diaz,4/6/1989,Married,M,4,seattle
269182,Christopher,Anderson,4/6/1989,Married,M,1,New_york
274284,Dylan,Jenkins,5/6/1989,Married,M,4,seattle
272269,Natalie,Kelly,7/6/1989,Married,F,5,Anaheim
273646,Michelle,Ward,8/6/1989,Married,F,3,New_Jersey
269803,Jesse,Mitchell,11/6/1989,Married,F,3,New_Jersey
272378,Brianna,Smith,11/6/1989,Married,M,2,Dallas
272006,Jos├®,Miller,12/6/1989,Single,F,4,seattle
275119,Jackson,Hayes,13-06-1989,Married,M,1,New_york
270864,Claudia,McDonald,14-06-1989,Married,F,8,Kansas_City
271729,Blake,Evans,14-06-1989,Married,F,4,seattle
269472,Katelyn,Collins,14-06-1989,Married,F,3,New_Jersey
267442,David,Alexander,16-06-1989,Married,M,7,Detroit
273853,Rebekah,Vazquez,18-06-1989,Married,F,1,New_york
270820,Edwin,Zhang,19-06-1989,Single,M,9,California
267891,Marshall,Andersen,19-06-1989,Married,M,1,New_york
267330,Cynthia,Gonzalez,20-06-1989,Single,M,1,New_york
272331,Barbara,Li,20-06-1989,Single,M,2,Dallas
273464,Steve,Schmidt,20-06-1989,Single,M,4,seattle
267179,Colin,Xu,21-06-1989,Single,F,6,Chicago
267093,Megan,Long,21-06-1989,Married,F,9,California
268300,Ernest,Zhou,22-06-1989,Married,M,10,Milwaukee
271614,Renee,Navarro,23-06-1989,Single,M,9,California
273189,Tonya,Chander,25-06-1989,Married,F,6,Chicago
275045,Diane,Munoz,27-06-1989,Married,F,9,California
270548,Edward,Hayes,27-06-1989,Married,F,10,Milwaukee
267950,Isaac,Cox,27-06-1989,Married,F,9,California
267751,Anne,Munoz,4/7/1989,Single,M,10,Milwaukee
273960,Victoria,Anderson,4/7/1989,Married,M,3,New_Jersey
275122,Alberto,Serrano,5/7/1989,Single,F,2,Dallas
274577,Katrina,Shen,6/7/1989,Single,M,4,seattle
273976,Bridget,Kumar,13-07-1989,Single,M,2,Dallas
269873,Bradley,Goel,13-07-1989,Married,M,8,Kansas_City
273989,Brittney,Liu,15-07-1989,Married,M,4,seattle
266939,Dawn,Lin,16-07-1989,Married,M,10,Milwaukee
270317,Devin,Allen,16-07-1989,Married,M,1,New_york
271166,Scot,Schulte,19-07-1989,Single,F,6,Chicago
270865,Natasha,Blanco,20-07-1989,Married,F,8,Kansas_City
273110,Christian,Sharma,20-07-1989,Married,F,2,Dallas
273346,Regina,Kapoor,22-07-1989,Married,M,1,New_york
271417,Barbara,Schultz,22-07-1989,Married,M,6,Chicago
267769,Logan,Allen,25-07-1989,Married,M,8,Kansas_City
272023,Julian,Diaz,28-07-1989,Single,F,6,Chicago
272742,Monica,Subram,28-07-1989,Single,M,3,New_Jersey
271214,Nicole,Price,28-07-1989,Single,F,2,Dallas
268751,Victoria,Miller,29-07-1989,Married,F,9,California
266989,Chloe,Alexander,2/8/1989,Single,M,9,California
270423,Stanley,Perez,2/8/1989,Married,M,4,seattle
269165,Savannah,Cox,3/8/1989,Single,M,4,seattle
273713,Chase,Ward,3/8/1989,Married,M,7,Detroit
270263,Logan,Anderson,5/8/1989,Single,F,7,Detroit
274010,Damien,Zhu,6/8/1989,Married,M,9,California
267143,Sharon,Tang,6/8/1989,Single,F,1,New_york
271441,Lindsay,Kumar,6/8/1989,Single,M,1,New_york
268720,Angela,Simmons,7/8/1989,Single,M,3,New_Jersey
271687,Marissa,Price,8/8/1989,Single,M,1,New_york
273058,Danielle,Ward,11/8/1989,Single,F,10,Milwaukee
273202,Robyn,Ramos,12/8/1989,Married,F,8,Kansas_City
273783,Devin,Diaz,13-08-1989,Single,F,7,Detroit
275018,Naomi,Alonso,14-08-1989,Married,F,6,Chicago
273648,Omar,He,14-08-1989,Married,F,6,Chicago
274061,Manuel,Martinez,16-08-1989,Single,M,2,Dallas
272158,Tabitha,Kovar,16-08-1989,Single,M,2,Dallas
268509,Rebecca,Green,17-08-1989,Single,M,10,Milwaukee
268196,Marcus,Smith,17-08-1989,Single,F,6,Chicago
271238,Devin,Jackson,19-08-1989,Single,M,6,Chicago
270140,Julia,Johnston,21-08-1989,Single,F,1,New_york
272877,Julia,Taylor,22-08-1989,Single,F,5,Anaheim
274000,William,Taylor,22-08-1989,Single,M,10,Milwaukee
273131,Natalie,Peterson,25-08-1989,Married,F,7,Detroit
275228,Luis,Shan,27-08-1989,Single,M,5,Anaheim
271349,Haley,Gray,29-08-1989,Married,M,1,New_york
269061,Caleb,Wright,1/9/1989,Single,F,6,Chicago
270773,Megan,Brown,1/9/1989,Married,F,7,Detroit
267019,Mackenzie,Carter,2/9/1989,Married,M,3,New_Jersey
274844,Julian,Flores,4/9/1989,Single,M,8,Kansas_City
271972,Edward,White,4/9/1989,Married,M,1,New_york
272177,Gabrielle,Hernandez,5/9/1989,Married,F,4,seattle
271635,Destiny,Kelly,6/9/1989,Single,F,1,New_york
270708,Rachel,Bradley,6/9/1989,Single,F,4,seattle
274192,Taylor,Anderson,7/9/1989,Single,M,3,New_Jersey
269018,Oscar,Henderson,10/9/1989,Single,M,8,Kansas_City
272174,Jasmine,Brown,11/9/1989,Married,F,6,Chicago
268141,Miranda,Wood,12/9/1989,Married,M,7,Detroit
273904,Noah,Jones,14-09-1989,Married,M,6,Chicago
271328,Luis,Gonzales,17-09-1989,Married,M,8,Kansas_City
272582,Isabella,White,18-09-1989,Single,F,8,Kansas_City
267263,Jonathan,Parker,20-09-1989,Married,F,6,Chicago
268796,Abigail,Ramirez,20-09-1989,Single,M,10,Milwaukee
271059,Joe,Moreno,21-09-1989,Single,F,8,Kansas_City
271115,Damien,Zhao,22-09-1989,Single,F,6,Chicago
267732,Sriniwa,Narayanan,23-09-1989,Single,F,9,California
275227,Adam,Scott,23-09-1989,Married,M,4,seattle
267433,Lauren,Bailey,24-09-1989,Single,F,2,Dallas
267485,Isabel,Price,24-09-1989,Single,F,4,seattle
271868,Abigail,White,29-09-1989,Single,M,2,Dallas
269412,Victoria,White,1/10/1989,Single,F,2,Dallas
268000,Caleb,Lal,3/10/1989,Single,M,6,Chicago
272358,Alexandra,Hall,3/10/1989,Single,M,7,Detroit
273368,Zoe,Howard,3/10/1989,Single,F,4,seattle
267034,Ryan,Jai,5/10/1989,Married,F,9,California
272961,Gabriella,Gonzalez,5/10/1989,Married,F,3,New_Jersey
267808,Hailey,Richardson,8/10/1989,Married,M,9,California
274355,Samuel,Martin,9/10/1989,Married,F,8,Kansas_City
272773,Devin,Morris,11/10/1989,Married,M,8,Kansas_City
267205,Eduardo,Turner,11/10/1989,Married,F,9,California
269884,Jordan,Perez,12/10/1989,Married,F,7,Detroit
267172,Kevin,Flores,12/10/1989,Married,F,6,Chicago
274293,Tyler,Wilson,13-10-1989,Married,M,2,Dallas
270111,Patrick,Bailey,14-10-1989,Married,F,7,Detroit
268093,Destiny,Williams,15-10-1989,Married,F,7,Detroit
273748,Maurice,Xie,18-10-1989,Single,M,2,Dallas
267182,Tristan,Coleman,18-10-1989,Married,M,1,New_york
268228,Dakota,Bradley,19-10-1989,Married,F,4,seattle
271724,Garrett,Sanchez,21-10-1989,Single,F,8,Kansas_City
272900,Matthew,Brown,22-10-1989,Single,M,6,Chicago
270996,Deanna,Vazquez,22-10-1989,Married,F,2,Dallas
267183,Amanda,Richardson,23-10-1989,Married,M,7,Detroit
269941,Robert,Wright,24-10-1989,Married,M,3,New_Jersey
272774,James,Russell,24-10-1989,Single,M,3,New_Jersey
270779,Jordan,Lopez,27-10-1989,Married,M,5,Anaheim
271647,Pamela,Srini,27-10-1989,Single,F,6,Chicago
268677,Yolanda,Xu,1/11/1989,Married,M,6,Chicago
273907,Joanna,Gutierrez,1/11/1989,Married,F,5,Anaheim
270208,Sophia,Parker,2/11/1989,Single,F,2,Dallas
273271,Samuel,Jones,8/11/1989,Married,F,3,New_Jersey
270344,Haley,Cooper,10/11/1989,Single,F,7,Detroit
268991,Isaiah,Gonzalez,10/11/1989,Married,M,3,New_Jersey
271216,Ian,James,12/11/1989,Married,M,6,Chicago
267403,Wyatt,Roberts,13-11-1989,Single,M,1,New_york
273191,Taylor,Bryant,16-11-1989,Single,M,1,New_york
269929,Robert,Diaz,17-11-1989,Married,M,4,seattle
269830,Abigail,Barnes,18-11-1989,Married,F,10,Milwaukee
274894,Janice,Bennett,19-11-1989,Married,M,6,Chicago
274993,Taylor,Taylor,20-11-1989,Single,M,2,Dallas
267163,Kaitlyn,Lewis,25-11-1989,Single,F,8,Kansas_City
270995,Steven,Bailey,28-11-1989,Married,M,3,New_Jersey
269000,David,Wilson,28-11-1989,Married,F,5,Anaheim
270103,Cassidy,Ross,28-11-1989,Married,F,4,seattle
271851,Caleb,Hughes,29-11-1989,Married,M,8,Kansas_City
274096,Maria,Baker,1/12/1989,Married,M,7,Detroit
268596,Mya,Simmons,1/12/1989,Single,M,3,New_Jersey
275222,Antonio,Hughes,2/12/1989,Married,F,1,New_york
273221,Logan,Bryant,3/12/1989,Single,F,1,New_york
273769,Alex,Cox,4/12/1989,Single,F,10,Milwaukee
273851,Brandon,Walker,7/12/1989,Married,M,4,seattle
269637,Emily,White,10/12/1989,Married,F,1,New_york
268204,Roberto,Ruiz,11/12/1989,Single,F,7,Detroit
267024,Rebekah,Prasad,13-12-1989,Married,M,10,Milwaukee
273677,Colin,Wu,13-12-1989,Single,F,4,seattle
271304,Donald,Patel,15-12-1989,Single,F,1,New_york
268295,Roger,Kumar,17-12-1989,Married,F,8,Kansas_City
268327,Ricardo,Raje,17-12-1989,Single,F,10,Milwaukee
267073,Omar,Wang,18-12-1989,Married,F,9,California
272948,Stanley,Subram,20-12-1989,Married,M,3,New_Jersey
274494,Donna,Deng,21-12-1989,Single,M,9,California
267795,Gilbert,Huang,21-12-1989,Single,F,5,Anaheim
275141,Priscilla,Pal,22-12-1989,Single,F,1,New_york
271817,Karla,Raji,24-12-1989,Married,M,8,Kansas_City
271847,Tiffany,He,24-12-1989,Married,F,10,Milwaukee
272260,Micah,Xu,25-12-1989,Married,F,10,Milwaukee
270407,Tabitha,Jimenez,29-12-1989,Married,M,6,Chicago
274719,Clinton,Dominguez,1/1/1990,Single,M,10,Milwaukee
271714,Nichole,Raji,1/1/1990,Single,M,1,New_york
275265,Amber,King,1/1/1990,Married,M,3,New_Jersey
270606,Abigail,Johnson,4/1/1990,Married,F,8,Kansas_City
268644,Grace,Lewis,5/1/1990,Married,M,5,Anaheim
272428,Sean,Collins,6/1/1990,Married,M,7,Detroit
272005,Jennifer,Brown,6/1/1990,Married,M,3,New_Jersey
270837,Jack,Bryant,9/1/1990,Married,F,8,Kansas_City
267008,Bailey,Brooks,11/1/1990,Single,M,4,seattle
266852,Lucas,Rodriguez,15-01-1990,Married,M,5,Anaheim
272271,Richard,Watson,16-01-1990,Married,M,3,New_Jersey
272887,Damien,Lu,19-01-1990,Married,M,8,Kansas_City
272243,Alexandria,Kelly,20-01-1990,Married,M,4,seattle
268214,Wyatt,Wilson,21-01-1990,Single,M,4,seattle
267344,Michelle,Blue,22-01-1990,Married,M,1,New_york
268102,Angela,Hughes,22-01-1990,Single,F,5,Anaheim
272696,Katherine,Green,22-01-1990,Married,M,3,New_Jersey
269524,Erin,Peterson,23-01-1990,Married,F,5,Anaheim
269529,Jenna,Baker,23-01-1990,Married,F,8,Kansas_City
266847,Evan,Cooper,24-01-1990,Married,F,7,Detroit
268334,Julio,Moreno,24-01-1990,Married,M,4,seattle
268710,Marshall,Deng,26-01-1990,Married,F,5,Anaheim
267323,Neil,Ortega,27-01-1990,Married,F,7,Detroit
274309,Ryan,Li,29-01-1990,Married,F,9,California
269387,Samuel,Ross,3/2/1990,Single,F,10,Milwaukee
269675,Nicole,Ross,4/2/1990,Married,F,10,Milwaukee
270506,Logan,Rodriguez,5/2/1990,Married,M,5,Anaheim
268560,Brianna,Bryant,6/2/1990,Married,M,4,seattle
267794,Ashley,Walker,7/2/1990,Single,F,1,New_york
271805,Benjamin,Winter,8/2/1990,Single,F,4,seattle
267903,Madison,Smith,8/2/1990,Single,M,7,Detroit
271042,Steven,Cox,8/2/1990,Single,M,3,New_Jersey
272241,Jennifer,Watson,12/2/1990,Single,M,8,Kansas_City
271592,Natalie,Foster,12/2/1990,Married,F,2,Dallas
274459,Dakota,Diaz,13-02-1990,Married,M,4,seattle
274294,Edward,Gonzalez,13-02-1990,Single,F,7,Detroit
274440,Sean,Murphy,15-02-1990,Single,M,5,Anaheim
267188,Samuel,Thompson,18-02-1990,Single,F,6,Chicago
270098,Ryan,Jenkins,20-02-1990,Married,F,7,Detroit
270064,Caitlin,Bailey,22-02-1990,Married,F,3,New_Jersey
272650,Christopher,Garcia,28-02-1990,Married,M,2,Dallas
266833,Marcus,Green,9/3/1990,Married,F,7,Detroit
267640,Gabrielle,Collins,9/3/1990,Single,F,10,Milwaukee
270542,Kristopher,Patel,10/3/1990,Single,M,6,Chicago
271586,Julia,Harris,12/3/1990,Married,F,8,Kansas_City
267465,Xavier,Walker,13-03-1990,Married,F,9,California
270449,Nicole,Cook,14-03-1990,Married,F,10,Milwaukee
274873,Gabrielle,Morgan,15-03-1990,Single,F,6,Chicago
268676,Gabriel,Powell,16-03-1990,Single,M,6,Chicago
271657,Jose,Evans,19-03-1990,Married,M,6,Chicago
267243,Alexis,Ross,19-03-1990,Married,F,6,Chicago
269536,Nathan,Wright,21-03-1990,Married,M,5,Anaheim
271843,Devin,Johnson,21-03-1990,Married,M,6,Chicago
269570,Dalton,Sanchez,21-03-1990,Single,F,7,Detroit
270457,Nicole,Kelly,22-03-1990,Married,F,4,seattle
268462,Edward,Moore,23-03-1990,Married,F,4,seattle
273681,Savannah,Campbell,23-03-1990,Married,F,5,Anaheim
267561,Eduardo,Richardson,25-03-1990,Single,F,6,Chicago
267173,David,Taylor,25-03-1990,Married,F,10,Milwaukee
270929,Isabelle,Alexander,28-03-1990,Single,F,7,Detroit
271585,Spencer,Coleman,1/4/1990,Married,M,5,Anaheim
271650,Olivia,Blue,1/4/1990,Married,M,10,Milwaukee
271990,Kaitlyn,Johnson,2/4/1990,Married,M,7,Detroit
271477,Emily,Barnes,5/4/1990,Married,M,3,New_Jersey
270060,Melissa,Jenkins,8/4/1990,Married,M,10,Milwaukee
269141,Marissa,Flores,9/4/1990,Married,F,5,Anaheim
267247,Maria,Hill,18-04-1990,Married,M,5,Anaheim
269096,Gabrielle,Ramirez,21-04-1990,Married,M,5,Anaheim
268638,Ricardo,Pal,21-04-1990,Married,M,7,Detroit
272091,Paige,Hayes,22-04-1990,Married,M,10,Milwaukee
269742,Carol,Robinson,24-04-1990,Married,F,10,Milwaukee
272379,Joe,Martinez,27-04-1990,Married,F,4,seattle
274373,Jordan,Hill,27-04-1990,Single,F,10,Milwaukee
274351,Angelica,Henderson,27-04-1990,Married,M,9,California
272230,Janelle,Gonzalez,28-04-1990,Married,M,3,New_Jersey
272910,Morgan,Allen,29-04-1990,Married,F,7,Detroit
269173,Matthew,Martinez,1/5/1990,Single,F,5,Anaheim
267402,Nicole,Wood,4/5/1990,Married,M,9,California
273171,Maria,Murphy,6/5/1990,Married,M,10,Milwaukee
267016,Grace,Cooper,8/5/1990,Single,F,6,Chicago
272899,Xavier,Williams,11/5/1990,Single,F,8,Kansas_City
274921,Christopher,Wilson,11/5/1990,Married,F,9,California
266976,Jessica,Cooper,11/5/1990,Single,F,9,California
274966,Bradley,She,12/5/1990,Married,M,8,Kansas_City
269237,Jeremy,Ramirez,15-05-1990,Married,F,1,New_york
271347,Emma,Henderson,17-05-1990,Single,F,3,New_Jersey
266845,Amber,Hernandez,19-05-1990,Single,F,1,New_york
272932,Thomas,Diaz,21-05-1990,Married,M,5,Anaheim
268928,Shelby,Sanchez,22-05-1990,Single,M,8,Kansas_City
268904,Devin,Hernandez,25-05-1990,Single,M,5,Anaheim
274729,Willie,Zhang,27-05-1990,Single,F,4,seattle
272113,Isaac,Hill,27-05-1990,Married,M,4,seattle
268231,Jorge,Sun,28-05-1990,Married,M,5,Anaheim
270943,Byron,Jim├®nez,28-05-1990,Married,M,7,Detroit
271198,Anne,Vazquez,1/6/1990,Married,F,1,New_york
268974,Cody,Cooper,2/6/1990,Married,M,9,California
267592,Abby,Patel,3/6/1990,Married,F,5,Anaheim
272881,Max,Martin,5/6/1990,Married,M,2,Dallas
269846,Ian,Allen,6/6/1990,Married,M,8,Kansas_City
271891,Colin,Chavez,7/6/1990,Married,F,6,Chicago
271021,Erica,Lin,9/6/1990,Married,M,8,Kansas_City
272374,Pamela,Suri,9/6/1990,Married,F,8,Kansas_City
271399,Sebastian,Morgan,10/6/1990,Married,M,10,Milwaukee
268808,Maria,Long,15-06-1990,Married,F,5,Anaheim
272636,Melissa,Kelly,18-06-1990,Married,F,1,New_york
267489,Roy,Sai,21-06-1990,Married,F,7,Detroit
270867,Steve,Yang,23-06-1990,Married,M,6,Chicago
267192,Casey,Gill,24-06-1990,Married,M,8,Kansas_City
273531,Pedro,Raman,26-06-1990,Single,F,1,New_york
269455,Ian,Hall,28-06-1990,Single,F,1,New_york
275230,Mathew,Romero,28-06-1990,Single,F,3,New_Jersey
268544,Connie,Rai,1/7/1990,Married,F,3,New_Jersey
270221,Evelyn,Sara,4/7/1990,Married,F,6,Chicago
272183,Robyn,Gomez,4/7/1990,Single,F,5,Anaheim
270661,Taylor,Johnson,5/7/1990,Married,F,3,New_Jersey
274524,Kelli,Yang,6/7/1990,Single,F,7,Detroit
273343,Ashlee,Nara,8/7/1990,Married,F,5,Anaheim
270304,Reginald,Moreno,9/7/1990,Married,M,8,Kansas_City
270825,Leonard,Xu,12/7/1990,Married,M,4,seattle
270677,Danny,Gutierrez,17-07-1990,Married,M,2,Dallas
271430,Frederick,Perez,17-07-1990,Married,F,8,Kansas_City
271364,Hector,Ortega,19-07-1990,Single,M,8,Kansas_City
273045,Ryan,Lee,20-07-1990,Married,M,7,Detroit
270292,Alison,Shan,21-07-1990,Married,F,2,Dallas
274924,Michele,Gomez,21-07-1990,Married,M,9,California
272500,Margaret,Zhang,22-07-1990,Married,M,4,seattle
268473,J├®sus,Carlson,22-07-1990,Married,F,3,New_Jersey
274489,Antonio,Griffin,22-07-1990,Married,M,9,California
272382,Miguel,Butler,23-07-1990,Married,M,10,Milwaukee
271159,Katherine,Johnson,24-07-1990,Married,F,1,New_york
273763,Francisco,Kapoor,26-07-1990,Married,F,3,New_Jersey
273100,Isabella,Griffin,4/8/1990,Married,F,9,California
273581,Makayla,Torres,4/8/1990,Single,F,1,New_york
269308,Alex,Ramirez,5/8/1990,Married,F,2,Dallas
267738,Maria,Butler,7/8/1990,Single,M,4,seattle
272870,Jerry,Shen,7/8/1990,Single,F,5,Anaheim
271995,Brianna,Hall,9/8/1990,Single,F,5,Anaheim
271518,Sierra,Phillips,9/8/1990,Single,F,3,New_Jersey
272835,Taylor,Rodriguez,9/8/1990,Married,M,10,Milwaukee
267254,Caleb,Evans,10/8/1990,Married,M,5,Anaheim
273378,Miranda,Bryant,11/8/1990,Single,F,1,New_york
267191,Caleb,Roberts,11/8/1990,Married,F,6,Chicago
268384,Alexis,Johnson,12/8/1990,Single,M,1,New_york
267300,Catherine,Rogers,12/8/1990,Married,M,3,New_Jersey
271189,Stephanie,Rogers,13-08-1990,Married,M,9,California
272253,Nicole,James,14-08-1990,Married,F,9,California
274321,Natalie,Carter,15-08-1990,Married,F,8,Kansas_City
270438,Oscar,Patterson,16-08-1990,Single,M,4,seattle
266941,Arturo,Cai,17-08-1990,Married,F,6,Chicago
273489,Autumn,Zeng,17-08-1990,Single,M,10,Milwaukee
270496,Mindy,Raje,18-08-1990,Married,M,9,California
268526,Allison,Wright,20-08-1990,Single,M,6,Chicago
273516,Trevor,Gonzales,21-08-1990,Married,F,2,Dallas
273888,Charles,Watson,21-08-1990,Married,F,1,New_york
270286,Micah,Chen,21-08-1990,Single,F,5,Anaheim
274616,Bryce,Sanders,21-08-1990,Single,M,7,Detroit
271353,Lucas,Brooks,22-08-1990,Married,M,2,Dallas
270486,Emma,White,23-08-1990,Single,F,10,Milwaukee
269393,Alyssa,Lewis,24-08-1990,Single,M,1,New_york
270731,Jessica,Bryant,24-08-1990,Married,F,8,Kansas_City
273733,Kaitlyn,Morris,25-08-1990,Single,M,1,New_york
274166,Kayla,Brown,26-08-1990,Single,M,6,Chicago
267971,Marcus,Garcia,2/9/1990,Married,M,2,Dallas
273290,Kenneth,She,3/9/1990,Married,M,3,New_Jersey
273568,Jessica,Stewart,4/9/1990,Single,M,4,seattle
269730,Jasmine,Diaz,5/9/1990,Married,F,7,Detroit
269920,Julian,Jenkins,8/9/1990,Married,F,7,Detroit
273386,Jose,Johnson,9/9/1990,Single,M,5,Anaheim
274657,Mary,Lopez,9/9/1990,Married,M,5,Anaheim
266892,Marcus,Alexander,13-09-1990,Single,M,2,Dallas
271940,Haley,Hill,16-09-1990,Single,M,1,New_york
266853,Jordan,Hernandez,18-09-1990,Single,M,6,Chicago
272916,Kristy,Diaz,21-09-1990,Single,F,4,seattle
270363,Ian,Barnes,22-09-1990,Married,M,3,New_Jersey
271609,Jordan,Edwards,27-09-1990,Single,F,7,Detroit
274979,Bryce,Howard,27-09-1990,Single,M,1,New_york
275130,Adam,Turner,29-09-1990,Single,M,10,Milwaukee
268063,Brandon,Long,2/10/1990,Married,F,10,Milwaukee
268080,Allison,Green,3/10/1990,Single,F,1,New_york
270239,Frank,Munoz,5/10/1990,Single,M,9,California
273227,Roger,Lal,7/10/1990,Single,F,3,New_Jersey
268368,Gavin,Ross,7/10/1990,Married,M,9,California
270615,Jennifer,Diaz,7/10/1990,Single,M,1,New_york
269400,Bego├▒a,Hurtado,9/10/1990,Single,F,3,New_Jersey
268443,Brad,Lal,10/10/1990,Married,F,2,Dallas
273679,James,Wright,11/10/1990,Married,M,8,Kansas_City
268191,Hailey,Watson,14-10-1990,Married,F,2,Dallas
273775,Bryce,Ramirez,17-10-1990,Married,M,9,California
268360,Kaitlyn,Ross,18-10-1990,Married,M,2,Dallas
269594,Jason,Phillips,24-10-1990,Married,M,7,Detroit
270963,Natalie,Patterson,26-10-1990,Married,M,5,Anaheim
272858,Eduardo,Murphy,1/11/1990,Married,M,1,New_york
274109,Victoria,Watson,4/11/1990,Married,F,10,Milwaukee
272149,Faith,Kelly,8/11/1990,Married,F,7,Detroit
269685,Amanda,Edwards,8/11/1990,Married,M,10,Milwaukee
273894,Destiny,Ward,8/11/1990,Married,M,3,New_Jersey
267146,Jordyn,Russell,8/11/1990,Single,F,6,Chicago
267155,Mike,Seamans,10/11/1990,Single,M,7,Detroit
273280,Albert,Romero,12/11/1990,Single,M,9,California
272056,Sierra,Nelson,16-11-1990,Married,F,3,New_Jersey
267864,Dylan,Simmons,17-11-1990,Single,M,3,New_Jersey
268284,Roy,Hernandez,18-11-1990,Single,F,5,Anaheim
274559,Chelsea,Raman,19-11-1990,Single,F,9,California
269944,George,Srini,20-11-1990,Single,F,4,seattle
275090,Timothy,King,22-11-1990,Single,F,4,seattle
267445,David,Butler,26-11-1990,Single,M,4,seattle
271079,Jacqueline,Alexander,27-11-1990,Married,M,3,New_Jersey
268308,Seth,Harris,28-11-1990,Married,F,6,Chicago
271811,Shelby,Ramirez,28-11-1990,Married,M,3,New_Jersey
272165,Sophia,King,1/12/1990,Single,M,4,seattle
272591,Sara,Evans,2/12/1990,Married,F,3,New_Jersey
274809,Patrick,Kelly,2/12/1990,Married,F,4,seattle
267904,Sydney,Anderson,4/12/1990,Single,M,1,New_york
273399,Jacquelyn,Saunders,5/12/1990,Married,F,6,Chicago
271771,Nathan,Griffin,5/12/1990,Married,M,10,Milwaukee
269119,Karen,Walker,9/12/1990,Married,F,10,Milwaukee
270949,Dalton,Perry,9/12/1990,Single,M,9,California
274398,Nicole,Thompson,10/12/1990,Married,M,1,New_york
271767,Chloe,Sanchez,14-12-1990,Married,M,4,seattle
267813,Katherine,Evans,15-12-1990,Married,M,7,Detroit
270633,Eric,Jai,15-12-1990,Married,M,10,Milwaukee
270322,Jennifer,Scott,15-12-1990,Married,F,10,Milwaukee
268107,Joan,Jenkins,16-12-1990,Married,F,6,Chicago
267157,Javier,Hernandez,18-12-1990,Married,M,5,Anaheim
266878,Cindy,Raman,20-12-1990,Married,M,4,seattle
275240,Kathleen,Gomez,21-12-1990,Married,F,3,New_Jersey
272412,Mindy,Goldberg,22-12-1990,Married,M,2,Dallas
274790,Erika,Hernandez,25-12-1990,Married,M,10,Milwaukee
268899,Jodi,Deng,25-12-1990,Married,F,2,Dallas
268251,Mackenzie,Morgan,29-12-1990,Single,F,3,New_Jersey
267149,Willie,Chande,29-12-1990,Single,M,1,New_york
269660,Amy,Liang,1/1/1991,Single,F,6,Chicago
275242,Jenny,Liu,4/1/1991,Married,F,10,Milwaukee
274040,April,Goel,7/1/1991,Married,F,8,Kansas_City
274821,Devin,Moore,8/1/1991,Married,M,9,California
273337,Kathryn,Ashe,8/1/1991,Married,M,1,New_york
267467,Dennis,Lin,10/1/1991,Single,M,9,California
271170,Juan,Rubio,10/1/1991,Single,F,8,Kansas_City
270613,Bruce,Ruiz,12/1/1991,Married,F,7,Detroit
269147,Janelle,Perez,13-01-1991,Single,M,10,Milwaukee
271431,Cory,Rana,13-01-1991,Married,F,8,Kansas_City
273173,Melinda,Hernandez,14-01-1991,Single,F,9,California
271794,Tony,Shan,16-01-1991,Single,F,5,Anaheim
270512,Michele,Torres,16-01-1991,Single,F,4,seattle
271193,Bethany,Nath,16-01-1991,Single,F,1,New_york
271799,Alfredo,Carlson,17-01-1991,Married,F,1,New_york
269479,Jamie,Zhao,18-01-1991,Single,M,8,Kansas_City
268137,Kyle,Perez,19-01-1991,Single,F,8,Kansas_City
268672,Daisy,Rubio,22-01-1991,Single,F,3,New_Jersey
270889,Louis,Sun,22-01-1991,Married,F,10,Milwaukee
267803,Tanya,Carlson,2/2/1991,Single,M,9,California
267537,Christine,She,3/2/1991,Married,M,4,seattle
273714,Grant,Raji,3/2/1991,Single,M,7,Detroit
273511,Bethany,Raji,4/2/1991,Single,M,10,Milwaukee
273198,Louis,Hu,4/2/1991,Single,F,10,Milwaukee
272564,Teresa,Torres,4/2/1991,Single,M,8,Kansas_City
274527,Amanda,Hughes,10/2/1991,Married,F,8,Kansas_City
267498,Lance,Alvarez,10/2/1991,Single,F,4,seattle
267360,Margaret,Zeng,10/2/1991,Single,F,2,Dallas
272547,Marie,Lopez,13-02-1991,Single,M,10,Milwaukee
272946,Victor,Rubio,13-02-1991,Single,F,9,California
269888,Katie,Deng,17-02-1991,Single,F,5,Anaheim
274463,Abby,Perez,21-02-1991,Married,M,1,New_york
274311,Kurt,Raheem,23-02-1991,Married,M,8,Kansas_City
268255,Heidi,Prasad,23-02-1991,Single,M,6,Chicago
274327,Arthur,Navarro,24-02-1991,Single,F,3,New_Jersey
273562,Terrence,Xie,25-02-1991,Single,M,3,New_Jersey
271288,Julia,Edwards,25-02-1991,Single,F,3,New_Jersey
268100,Ross,Martin,26-02-1991,Single,M,1,New_york
274009,Kenneth,Jai,26-02-1991,Single,F,4,seattle
269453,Warren,Raje,26-02-1991,Single,M,3,New_Jersey
273833,Terrence,Anand,1/3/1991,Single,F,3,New_Jersey
269201,Melanie,Sanders,2/3/1991,Single,M,9,California
271110,Cindy,Lewis,2/3/1991,Single,M,8,Kansas_City
266841,Jordan,Shan,2/3/1991,Single,M,1,New_york
268421,Ruth,Chandra,5/3/1991,Single,F,10,Milwaukee
273081,Carolyn,Alvarez,5/3/1991,Single,M,1,New_york
272252,Olivia,Cooper,6/3/1991,Single,F,10,Milwaukee
271898,Jesse,Roberts,11/3/1991,Single,M,3,New_Jersey
274189,Jacqueline,Rivera,12/3/1991,Married,M,1,New_york
271358,Kaylee,Turner,16-03-1991,Single,M,10,Milwaukee
271356,Brett,Fernandez,16-03-1991,Married,M,4,seattle
269697,Thomas,Turner,17-03-1991,Married,F,7,Detroit
273858,Charles,Mitchell,21-03-1991,Single,M,9,California
267356,Amanda,Gonzales,22-03-1991,Single,M,6,Chicago
268817,Julia,Simmons,22-03-1991,Married,F,5,Anaheim
272529,Angel,Sanders,23-03-1991,Married,F,6,Chicago
272410,Megan,Russell,27-03-1991,Married,F,10,Milwaukee
268905,Darren,Saunders,2/4/1991,Married,M,4,seattle
272574,Brandon,Anderson,2/4/1991,Married,M,8,Kansas_City
268288,Carlos,Collins,3/4/1991,Married,M,1,New_york
268807,Jacob,Martinez,5/4/1991,Married,M,7,Detroit
272990,Wyatt,Nelson,6/4/1991,Married,F,10,Milwaukee
272133,Maria,Blue,10/4/1991,Married,M,4,seattle
272029,Eric,Lopez,11/4/1991,Married,M,10,Milwaukee
269325,Rafael,Zhu,14-04-1991,Married,M,10,Milwaukee
273181,Wayne,Chande,17-04-1991,Married,M,8,Kansas_City
273190,Craig,Blanco,19-04-1991,Married,M,3,New_Jersey
267651,Dana,Martin,20-04-1991,Married,F,1,New_york
273426,Chase,Richardson,21-04-1991,Married,F,2,Dallas
271768,Rebecca,King,23-04-1991,Single,M,7,Detroit
270641,Wyatt,Martin,24-04-1991,Married,M,3,New_Jersey
270668,Sebastian,Morris,26-04-1991,Married,F,6,Chicago
273182,Nicholas,Martinez,28-04-1991,Married,M,3,New_Jersey
268017,Erin,James,28-04-1991,Married,F,8,Kansas_City
269766,Ann,Arun,28-04-1991,Married,F,1,New_york
267809,Gabriel,Nelson,29-04-1991,Married,M,3,New_Jersey
272258,Madeline,Green,29-04-1991,Single,F,5,Anaheim
267998,Isabel,Butler,2/5/1991,Single,F,5,Anaheim
267365,Megan,Garcia,2/5/1991,Single,M,7,Detroit
273802,Maria,James,4/5/1991,Single,M,2,Dallas
267920,Gregory,Kumar,5/5/1991,Married,F,8,Kansas_City
268588,Alexandra,Griffin,6/5/1991,Single,F,10,Milwaukee
269156,Lucas,Simmons,6/5/1991,Single,M,5,Anaheim
266864,Anna,Brown,8/5/1991,Single,F,3,New_Jersey
271419,Alyssa,Ross,13-05-1991,Single,F,2,Dallas
267306,Jesse,Rivera,13-05-1991,Married,F,10,Milwaukee
272346,Brendan,Raje,14-05-1991,Single,M,2,Dallas
272592,Makayla,Howard,14-05-1991,Single,F,5,Anaheim
275050,Danny,Jim├®nez,18-05-1991,Single,M,8,Kansas_City
274786,Bethany,Lal,19-05-1991,Single,F,3,New_Jersey
273752,Maria,Morris,23-05-1991,Single,M,8,Kansas_City
274376,Taylor,Russell,24-05-1991,Single,F,1,New_york
273991,Richard,Collins,26-05-1991,Married,M,2,Dallas
273011,Michele,Chandra,27-05-1991,Married,M,8,Kansas_City
274945,Deanna,Malhotra,27-05-1991,Single,F,5,Anaheim
273033,Ebony,Sai,28-05-1991,Single,M,7,Detroit
267312,Gina,Schmidt,28-05-1991,Single,F,7,Detroit
267999,Diana,Navarro,29-05-1991,Married,M,4,seattle
273230,Kathryn,Xie,29-05-1991,Married,F,9,California
272209,Eduardo,Robinson,1/6/1991,Married,F,10,Milwaukee
273883,Jennifer,Howard,4/6/1991,Married,F,9,California
271469,Julie,Goel,6/6/1991,Married,F,3,New_Jersey
267982,Alisha,Yang,9/6/1991,Married,F,3,New_Jersey
269249,Edwin,Chen,14-06-1991,Married,M,2,Dallas
267450,Lindsey,Kumar,17-06-1991,Married,M,8,Kansas_City
275162,Tara,Nath,19-06-1991,Married,F,9,California
267646,Jerome,Hernandez,19-06-1991,Married,F,5,Anaheim
271922,Michele,Gutierrez,19-06-1991,Single,F,5,Anaheim
272515,Raul,Deng,21-06-1991,Single,M,8,Kansas_City
269300,Marie,Martinez,21-06-1991,Married,M,7,Detroit
274748,Ross,Diaz,22-06-1991,Married,M,1,New_york
273493,Deborah,McDonald,24-06-1991,Married,M,9,California
271599,Brandi,Carlson,25-06-1991,Single,F,1,New_york
268919,Christy,Luo,27-06-1991,Married,M,10,Milwaukee
274601,Angel,Turner,3/7/1991,Married,M,1,New_york
272542,Victoria,Patterson,4/7/1991,Single,F,7,Detroit
269716,Glenn,Ma,6/7/1991,Single,M,5,Anaheim
270981,Gilbert,Luo,7/7/1991,Single,F,3,New_Jersey
271491,Kristine,Suarez,8/7/1991,Single,F,7,Detroit
271044,Clayton,Raji,8/7/1991,Single,M,6,Chicago
271548,Troy,Perez,8/7/1991,Single,F,2,Dallas
274615,Mindy,Xie,8/7/1991,Married,F,7,Detroit
271701,Billy,Torres,11/7/1991,Married,M,7,Detroit
274915,Laura,Xu,15-07-1991,Married,F,10,Milwaukee
269015,Edwin,Shen,15-07-1991,Married,F,6,Chicago
271685,Julie,Pal,15-07-1991,Single,M,1,New_york
267656,Russell,Nath,15-07-1991,Single,M,3,New_Jersey
268723,Lindsey,Lal,17-07-1991,Single,F,6,Chicago
272678,Carly,Lal,18-07-1991,Married,F,10,Milwaukee
266860,Sean,Adams,18-07-1991,Married,F,3,New_Jersey
274055,Steve,Hu,18-07-1991,Married,M,6,Chicago
272198,Roger,Xu,20-07-1991,Single,M,7,Detroit
272059,Sydney,White,22-07-1991,Married,F,6,Chicago
268767,Deanna,Garcia,25-07-1991,Married,M,3,New_Jersey
271013,Adrienne,Sanz,26-07-1991,Married,M,9,California
268460,Alison,Tang,29-07-1991,Single,F,9,California
273953,Orlando,Martin,2/8/1991,Single,M,8,Kansas_City
270139,Omar,Cai,3/8/1991,Single,F,2,Dallas
270105,Rosa,Zeng,4/8/1991,Single,M,5,Anaheim
274822,Tracy,Yuan,7/8/1991,Single,M,10,Milwaukee
272349,Justin,Moore,9/8/1991,Single,M,3,New_Jersey
273143,Stanley,Gonzalez,10/8/1991,Single,M,4,seattle
274799,Kristine,Romero,10/8/1991,Married,F,10,Milwaukee
268617,Kelli,Sun,11/8/1991,Married,F,4,seattle
269911,Sheena,Chander,12/8/1991,Married,M,8,Kansas_City
269665,Desiree,Ortega,14-08-1991,Married,M,7,Detroit
267230,Diana,Rubio,15-08-1991,Married,F,1,New_york
266906,Carl,Beck,16-08-1991,Married,M,10,Milwaukee
270264,Bethany,Beck,21-08-1991,Single,M,10,Milwaukee
269579,Hailey,Russell,23-08-1991,Single,F,5,Anaheim
267540,Gabriel,Ross,25-08-1991,Single,F,1,New_york
274835,Garrett,Richardson,26-08-1991,Single,F,5,Anaheim
272326,Kelli,Hu,4/9/1991,Single,F,8,Kansas_City
274086,Joel,Raman,10/9/1991,Single,M,6,Chicago
270482,Kellie,Moreno,13-09-1991,Single,M,7,Detroit
269997,Joy,Ortega,13-09-1991,Single,M,8,Kansas_City
271311,Rachel,Simmons,14-09-1991,Single,M,3,New_Jersey
267265,Ruth,Malhotra,14-09-1991,Married,F,5,Anaheim
275251,Gloria,Dominguez,14-09-1991,Single,M,4,seattle
269557,Dustin,Raje,14-09-1991,Single,F,2,Dallas
272976,Juan,Romero,17-09-1991,Married,F,10,Milwaukee
273060,Emma,Williams,19-09-1991,Single,F,3,New_Jersey
269143,J├®sus,Romero,22-09-1991,Single,M,8,Kansas_City
273363,Darren,Diaz,22-09-1991,Single,M,7,Detroit
273319,Maurice,Rai,23-09-1991,Single,M,10,Milwaukee
272912,Jamie,Ye,23-09-1991,Single,M,9,California
267805,Luke,Simmons,25-09-1991,Single,M,3,New_Jersey
271261,Erin,Richardson,26-09-1991,Single,F,5,Anaheim
267324,Joan,Vazquez,26-09-1991,Married,F,3,New_Jersey
266987,Caleb,Hill,29-09-1991,Married,F,10,Milwaukee
270763,Natalie,Bailey,2/10/1991,Single,F,8,Kansas_City
267156,Kristen,Lu,2/10/1991,Single,M,1,New_york
268830,Jonathan,Wright,3/10/1991,Married,M,7,Detroit
269495,Jose,White,5/10/1991,Married,F,6,Chicago
269791,Barbara,Zhang,7/10/1991,Married,F,2,Dallas
271402,Seth,Davis,11/10/1991,Married,F,9,California
273982,Sean,Mitchell,12/10/1991,Single,M,4,seattle
271427,Lacey,Raji,12/10/1991,Married,F,3,New_Jersey
275040,Gregory,Jai,14-10-1991,Married,F,10,Milwaukee
272816,Joel,Malhotra,14-10-1991,Married,M,4,seattle
272906,Xavier,King,17-10-1991,Single,M,2,Dallas
275264,Francis,Ramos,24-10-1991,Married,M,4,seattle
267400,Marc,Navarro,25-10-1991,Married,M,2,Dallas
274561,Raul,Sharma,25-10-1991,Married,F,2,Dallas
267067,Roy,Raman,1/11/1991,Married,M,5,Anaheim
272933,Levi,Sai,2/11/1991,Single,M,2,Dallas
272675,Fernando,Thompson,9/11/1991,Single,F,4,seattle
274260,Martha,Xu,10/11/1991,Single,M,3,New_Jersey
273125,Tiffany,Gao,10/11/1991,Single,M,10,Milwaukee
269450,Alejandro,Xu,13-11-1991,Married,M,7,Detroit
274725,Janet,Torres,17-11-1991,Single,M,8,Kansas_City
271581,Sam,Foster,18-11-1991,Single,F,4,seattle
270845,Sophia,Baker,18-11-1991,Married,M,2,Dallas
268207,Margaret,Russell,18-11-1991,Single,F,10,Milwaukee
270285,Samuel,Jai,18-11-1991,Married,F,6,Chicago
268845,Shelby,Richardson,22-11-1991,Married,F,1,New_york
270410,Justin,Garcia,22-11-1991,Married,M,6,Chicago
274433,Wyatt,White,23-11-1991,Married,M,3,New_Jersey
270776,Joshua,Smith,26-11-1991,Married,M,2,Dallas
272728,Melanie,Ramirez,27-11-1991,Married,F,9,California
268945,Shawna,Yuan,27-11-1991,Married,M,10,Milwaukee
272197,Jenna,Young,27-11-1991,Married,F,4,seattle
267977,Isabelle,Henderson,27-11-1991,Married,M,9,California
269987,Emily,Williams,29-11-1991,Single,F,5,Anaheim
272655,Lauren,Williams,3/12/1991,Single,F,10,Milwaukee
275145,Isabel,Powell,4/12/1991,Married,F,7,Detroit
267654,Molly,Gonzalez,7/12/1991,Married,M,7,Detroit
266806,Caleb,Diaz,8/12/1991,Married,F,10,Milwaukee
268643,Vanessa,Foster,9/12/1991,Married,F,2,Dallas
267624,Sara,Cook,10/12/1991,Married,M,6,Chicago
266784,Edward,Phillips,13-12-1991,Married,F,10,Milwaukee
272223,Gabriella,Hernandez,15-12-1991,Married,M,8,Kansas_City
272943,Maria,Wright,16-12-1991,Married,F,5,Anaheim
273266,Jordan,Adams,17-12-1991,Single,M,2,Dallas
273835,Hailey,Baker,18-12-1991,Single,M,8,Kansas_City
271023,Marc,Jimenez,20-12-1991,Married,M,10,Milwaukee
268789,Mariah,Torres,21-12-1991,Single,F,2,Dallas
273038,Kayla,Davis,22-12-1991,Single,M,2,Dallas
267887,Jennifer,Davis,23-12-1991,Single,F,3,New_Jersey
269956,Brian,Kelly,23-12-1991,Single,M,10,Milwaukee
266821,Jada,Reed,27-12-1991,Single,M,5,Anaheim
271382,James,Perez,29-12-1991,Married,F,4,seattle
270483,Philip,Moyer,1/1/1992,Single,M,10,Milwaukee
268444,Douglas,Vance,2/1/1992,Married,F,6,Chicago
268771,Jay,Torres,4/1/1992,Married,F,3,New_Jersey
271116,Arturo,Shen,4/1/1992,Single,M,3,New_Jersey
273279,Mario,Nath,4/1/1992,Single,F,4,seattle
268147,Sergio,Suri,5/1/1992,Single,F,2,Dallas
269158,Kari,Raman,5/1/1992,Married,F,3,New_Jersey
267913,Xavier,Edwards,8/1/1992,Married,F,2,Dallas
274298,Bryan,Bell,9/1/1992,Single,F,8,Kansas_City
273351,Tara,Pal,13-01-1992,Married,M,8,Kansas_City
270361,Keith,Rai,15-01-1992,Single,M,2,Dallas
272602,Andy,Navarro,15-01-1992,Married,M,9,California
273385,Emmanuel,Rana,17-01-1992,Single,F,9,California
269959,Arturo,Xu,18-01-1992,Single,M,2,Dallas
271278,Theodore,Ramos,18-01-1992,Married,M,3,New_Jersey
274231,Margaret,Gao,18-01-1992,Single,F,6,Chicago
268631,Alexander,Martin,19-01-1992,Single,M,2,Dallas
267817,Byron,Suarez,21-01-1992,Married,M,4,seattle
269741,Raul,Nara,21-01-1992,Married,M,6,Chicago
272482,Adriana,Sai,21-01-1992,Married,F,2,Dallas
268019,Dakota,Henderson,21-01-1992,Married,M,5,Anaheim
274081,Colleen,Zhao,22-01-1992,Married,F,7,Detroit
269832,Arthur,Madan,27-01-1992,Married,F,1,New_york
269155,Ebony,Moreno,28-01-1992,Married,M,6,Chicago
272483,Joy,Navarro,29-01-1992,Single,M,2,Dallas
269153,Stanley,Sanchez,1/2/1992,Single,M,2,Dallas
268057,Leah,Liang,3/2/1992,Single,F,1,New_york
268779,Julia,Gonzalez,3/2/1992,Married,M,3,New_Jersey
270625,Kelly,Flores,3/2/1992,Single,M,6,Chicago
267058,Andre,Patel,6/2/1992,Single,F,10,Milwaukee
271674,Brian,Rivera,6/2/1992,Single,F,4,seattle
271825,Noah,Bryant,7/2/1992,Single,F,1,New_york
272308,Katrina,Rai,7/2/1992,Single,F,4,seattle
266937,Lacey,Simpson,9/2/1992,Married,F,2,Dallas
271702,Eddie,Alonso,9/2/1992,Single,F,7,Detroit
268689,Natasha,Diaz,12/2/1992,Single,M,2,Dallas
267811,Kurt,Xu,15-02-1992,Single,M,2,Dallas
271571,Sergio,Madan,16-02-1992,Single,M,7,Detroit
270131,Brandi,Diaz,17-02-1992,Married,F,4,seattle
273101,Lisa,Lu,21-02-1992,Married,M,9,California
273094,Jorge,Ye,22-02-1992,Married,M,3,New_Jersey
270421,Kendra,Alonso,22-02-1992,Single,F,10,Milwaukee
267316,Ryan,Ross,22-02-1992,Single,M,1,New_york
272532,Jaclyn,Luo,25-02-1992,Married,F,2,Dallas
269904,Franklin,Rai,25-02-1992,Single,F,5,Anaheim
269936,Jermaine,Rodriguez,26-02-1992,Single,F,3,New_Jersey
270216,John,Garcia,29-02-1992,Single,M,9,California
271047,Mathew,Dominguez,29-02-1992,Married,M,2,Dallas
271388,Taylor,Bailey,2/3/1992,Married,M,8,Kansas_City
272290,Steven,Cooper,4/3/1992,Married,F,4,seattle
271712,Ethan,Henderson,6/3/1992,Single,M,2,Dallas
274675,J├®sus,Gutierrez,7/3/1992,Single,M,6,Chicago
269804,Kaitlin,Arthur,9/3/1992,Married,F,5,Anaheim
269240,Dawn,Deng,10/3/1992,Single,F,9,California
273564,Jimmy,Martin,11/3/1992,Single,F,3,New_Jersey
272765,Jason,Young,13-03-1992,Married,M,2,Dallas
270982,Luke,Gonzalez,13-03-1992,Single,F,7,Detroit
269694,Dawn,Gao,14-03-1992,Single,M,2,Dallas
269757,Erika,Carlson,15-03-1992,Married,F,8,Kansas_City
273243,Caitlin,Ward,16-03-1992,Single,M,1,New_york
270830,Kristine,Munoz,17-03-1992,Married,F,10,Milwaukee
272797,Kate,Becker,17-03-1992,Married,F,9,California
273088,Cheryl,Martin,18-03-1992,Married,M,10,Milwaukee
267782,Casey,Browning,19-03-1992,Single,F,5,Anaheim
269375,Rebekah,Gutierrez,19-03-1992,Single,F,7,Detroit
269539,Karl,Stone,20-03-1992,Single,F,7,Detroit
274134,Cassie,Luo,21-03-1992,Single,F,3,New_Jersey
270958,Mayra,Chandra,21-03-1992,Single,F,2,Dallas
269960,Marco,Suri,23-03-1992,Married,F,4,seattle
272863,Deb,Moreno,23-03-1992,Married,F,8,Kansas_City
266907,Larry,Navarro,23-03-1992,Single,M,10,Milwaukee
268798,Kathleen,Martin,24-03-1992,Single,F,3,New_Jersey
271877,Michele,Ruiz,28-03-1992,Single,F,6,Chicago
272238,Carolyn,Kapoor,3/4/1992,Married,M,8,Kansas_City
268740,Jodi,Xu,4/4/1992,Single,F,5,Anaheim
272441,Rosa,Wu,5/4/1992,Single,F,7,Detroit
269098,Marissa,Gonzales,5/4/1992,Single,F,9,California
270473,Anna,Murphy,6/4/1992,Single,M,4,seattle
267649,Alan,Liu,6/4/1992,Single,F,7,Detroit
271530,Kara,Goel,8/4/1992,Single,F,6,Chicago
274340,Alisha,Kumar,8/4/1992,Single,M,5,Anaheim
272233,Ronald,Srini,12/4/1992,Single,M,4,seattle
271475,Orlando,Dominguez,12/4/1992,Single,M,1,New_york
268047,Michele,Tang,14-04-1992,Single,F,1,New_york
274332,Wesley,Guo,14-04-1992,Married,M,4,seattle
271404,Vanessa,Hayes,15-04-1992,Married,F,4,seattle
273973,Olivia,Robinson,16-04-1992,Single,F,2,Dallas
270489,Dawn,Andersen,16-04-1992,Single,F,3,New_Jersey
270908,Jay,Serrano,17-04-1992,Married,M,5,Anaheim
273737,Kurt,Anand,21-04-1992,Single,M,10,Milwaukee
270232,Shawn,Xie,22-04-1992,Single,M,10,Milwaukee
269150,Anna,Gonzales,22-04-1992,Single,F,9,California
269074,Adrian,Gray,23-04-1992,Single,F,9,California
269851,Victoria,Brooks,25-04-1992,Single,F,10,Milwaukee
269365,Alan,Zhou,26-04-1992,Married,M,8,Kansas_City
269246,Madison,Bryant,29-04-1992,Single,M,5,Anaheim
275168,Tabitha,Arthur,29-04-1992,Married,M,5,Anaheim
272740,Warren,Jai,1/5/1992,Married,F,7,Detroit
269861,Dustin,Lal,4/5/1992,Married,M,2,Dallas
271632,Ian,Foster,10/5/1992,Single,F,10,Milwaukee
274688,Rachael,Madan,14-05-1992,Married,F,7,Detroit
267033,Brianna,Griffin,18-05-1992,Single,M,6,Chicago
267701,Joel,Rodriguez,18-05-1992,Married,M,2,Dallas
267673,Frederick,Garcia,19-05-1992,Married,F,5,Anaheim
270040,Megan,Robinson,20-05-1992,Married,F,8,Kansas_City
275173,Christian,Garcia,20-05-1992,Single,F,4,seattle
268203,Theodore,Sanz,20-05-1992,Married,M,7,Detroit
268693,Brenda,Fernandez,23-05-1992,Married,M,6,Chicago
275159,Jordyn,Simmons,24-05-1992,Single,F,5,Anaheim
267620,Monique,Ramos,24-05-1992,Single,F,7,Detroit
268428,Dawn,Tang,24-05-1992,Single,F,7,Detroit
270849,Julia,Peterson,26-05-1992,Single,M,9,California
271267,Hunter,Jones,2/6/1992,Single,F,8,Kansas_City
271735,Danielle,Kelly,5/6/1992,Single,M,8,Kansas_City
274049,Chloe,Perry,5/6/1992,Single,F,4,seattle
267457,Vanessa,Wood,8/6/1992,Single,M,6,Chicago
267989,Jackson,Parker,9/6/1992,Single,F,2,Dallas
268168,Christian,Anderson,9/6/1992,Married,F,8,Kansas_City
273305,Justin,Russell,10/6/1992,Single,F,7,Detroit
274914,Erin,Gray,11/6/1992,Single,F,9,California
274225,Catherine,Murphy,12/6/1992,Married,M,9,California
273005,Tracy,Nath,12/6/1992,Married,F,10,Milwaukee
273526,Brent,Zhu,12/6/1992,Married,M,6,Chicago
273133,Veronica,Sai,13-06-1992,Married,M,3,New_Jersey
273837,Brad,Nara,15-06-1992,Married,M,6,Chicago
273356,Joe,Raman,15-06-1992,Married,F,2,Dallas
273794,Ricardo,Sharma,15-06-1992,Single,M,7,Detroit
267446,Ronnie,Wagner,16-06-1992,Single,M,6,Chicago
271563,Manuel,Fernandez,16-06-1992,Single,M,9,California
269264,Troy,Sai,16-06-1992,Married,F,6,Chicago
271882,Melvin,She,17-06-1992,Married,F,9,California
271876,Katrina,Raji,23-06-1992,Married,M,6,Chicago
267952,Krystal,Holt,24-06-1992,Single,M,10,Milwaukee
272664,Yolanda,Chander,24-06-1992,Single,F,6,Chicago
271945,Misty,Raji,25-06-1992,Married,M,2,Dallas
270288,Tonya,She,27-06-1992,Single,M,8,Kansas_City
267793,Casey,Pal,29-06-1992,Married,F,9,California
270658,Sandra,Huang,29-06-1992,Married,M,10,Milwaukee
268897,Damien,Huang,1/7/1992,Married,F,1,New_york
269848,Martha,Liang,3/7/1992,Married,M,6,Chicago
273825,Arthur,Perez,4/7/1992,Single,M,7,Detroit
269958,Cory,Arun,4/7/1992,Single,M,3,New_Jersey
274723,Dominique,Garcia,7/7/1992,Single,F,8,Kansas_City
272245,Jonathon,Gutierrez,11/7/1992,Married,F,9,California
267858,Priscilla,Chander,12/7/1992,Married,F,6,Chicago
274052,Lacey,Gao,13-07-1992,Single,F,5,Anaheim
273653,Tommy,Sharma,16-07-1992,Single,F,7,Detroit
266947,Kristen,Cai,17-07-1992,Married,M,5,Anaheim
271352,Claudia,Holt,18-07-1992,Married,M,8,Kansas_City
267907,Colin,Chen,22-07-1992,Single,M,8,Kansas_City
271172,Meghan,Jimenez,22-07-1992,Single,F,5,Anaheim
267573,Arthur,Dominguez,23-07-1992,Single,F,4,seattle
268051,Stacey,Liang,24-07-1992,Single,F,3,New_Jersey
270466,Christy,Li,24-07-1992,Single,M,1,New_york
270973,Theodore,Browning,24-07-1992,Married,F,5,Anaheim
269661,Micah,Hu,26-07-1992,Single,M,7,Detroit
273420,J├®sus,Ortega,27-07-1992,Married,M,8,Kansas_City
273263,Jenny,McDonald,29-07-1992,Married,F,2,Dallas
272242,Eduardo,Morgan,2/8/1992,Married,M,7,Detroit
268886,Alicia,Pal,3/8/1992,Married,M,1,New_york
272634,Terrance,Jordan,5/8/1992,Married,M,4,seattle
272585,Jake,Yang,6/8/1992,Married,F,10,Milwaukee
274107,Darren,Rubio,8/8/1992,Married,M,9,California
272831,Linda,Moreno,10/8/1992,Single,F,10,Milwaukee
267978,Frederick,Madan,10/8/1992,Married,M,6,Chicago
268050,Christy,Shan,12/8/1992,Single,F,3,New_Jersey
269601,Joe,Sanchez,13-08-1992,Married,M,5,Anaheim
267836,Gabriella,Roberts,16-08-1992,Married,F,10,Milwaukee
269219,Casey,Chander,17-08-1992,Single,M,8,Kansas_City
269602,Mathew,Vazquez,18-08-1992,Married,F,7,Detroit
271749,Angelica,Butler,19-08-1992,Single,F,6,Chicago
269520,Derek,Chander,19-08-1992,Single,M,10,Milwaukee
272447,Preston,Sara,24-08-1992,Single,F,3,New_Jersey
267510,Candace,Martinez,26-08-1992,Single,M,5,Anaheim
274573,Kelvin,Sun,26-08-1992,Single,M,7,Detroit
274899,Kurt,Yuan,27-08-1992,Married,F,10,Milwaukee
266902,Colleen,Zhang,28-08-1992,Married,M,7,Detroit
270249,Mackenzie,Baker,1/9/1992,Single,F,2,Dallas
268483,Susan,Wu,2/9/1992,Single,F,6,Chicago
271866,Corey,Anand,2/9/1992,Married,F,7,Detroit
270334,Ashlee,Shen,7/9/1992,Single,M,4,seattle
267575,Erick,Lopez,8/9/1992,Single,M,8,Kansas_City
269564,Caroline,Coleman,10/9/1992,Married,F,4,seattle
273684,Colleen,Li,11/9/1992,Single,M,3,New_Jersey
272745,Julie,She,11/9/1992,Married,F,4,seattle
274824,Audrey,Torres,12/9/1992,Married,F,4,seattle
270703,Jon,Xu,12/9/1992,Single,F,1,New_york
273635,Ruben,Dominguez,14-09-1992,Single,M,5,Anaheim
267134,Joe,Gomez,14-09-1992,Single,M,2,Dallas
270262,Veronica,Vance,16-09-1992,Single,F,3,New_Jersey
271227,Corey,Beck,17-09-1992,Single,F,7,Detroit
269026,Leah,Chen,18-09-1992,Single,F,10,Milwaukee
271758,Stefanie,Weber,20-09-1992,Single,M,4,seattle
270786,Zachary,Davis,20-09-1992,Married,M,10,Milwaukee
267607,Dawn,Chen,20-09-1992,Married,F,3,New_Jersey
270303,Kenneth,Becker,20-09-1992,Single,F,4,seattle
268855,Frank,Torres,25-09-1992,Married,M,4,seattle
272722,Justin,Martinez,3/10/1992,Married,M,4,seattle
267028,Devin,Gray,6/10/1992,Single,F,7,Detroit
273899,Vincent,Sun,7/10/1992,Married,F,5,Anaheim
271700,Leonard,Chander,7/10/1992,Married,F,4,seattle
273220,Zachary,Martinez,9/10/1992,Married,M,5,Anaheim
269241,Andre,Martinez,9/10/1992,Married,F,4,seattle
269991,Martin,Suri,10/10/1992,Married,F,6,Chicago
270484,Shawn,Deng,14-10-1992,Married,F,1,New_york
270350,Clarence,He,15-10-1992,Married,M,7,Detroit
273656,Jacquelyn,Gomez,18-10-1992,Married,M,8,Kansas_City
272683,Suzanne,He,19-10-1992,Married,M,2,Dallas
274339,Andrew,Jones,23-10-1992,Married,M,6,Chicago
270416,Cameron,Anderson,23-10-1992,Married,M,4,seattle
270580,Gabrielle,Carter,23-10-1992,Single,F,9,California
267167,Kelli,Xu,26-10-1992,Single,M,6,Chicago
267102,Kate,Rai,26-10-1992,Single,F,2,Dallas
272143,Ram├│n,Cai,28-10-1992,Married,F,3,New_Jersey
270386,Janet,Suarez,2/11/1992,Single,M,2,Dallas
269734,Tabitha,Rana,7/11/1992,Single,F,1,New_york
272937,Jill,Travers,8/11/1992,Married,M,6,Chicago
274875,Scott,Seely,9/11/1992,Married,F,3,New_Jersey
271272,Roy,Serrano,10/11/1992,Married,F,7,Detroit
267412,Toni,Randall,11/11/1992,Married,M,5,Anaheim
271195,Ricky,Blanco,12/11/1992,Single,F,10,Milwaukee
273233,Logan,Gonzales,12/11/1992,Married,M,2,Dallas
272629,Ricky,Martin,13-11-1992,Single,F,1,New_york
268914,Gary,Jimenez,15-11-1992,Single,F,3,New_Jersey
269519,Sydney,Clark,17-11-1992,Married,M,9,California
270024,Dylan,Rodriguez,21-11-1992,Single,F,10,Milwaukee
266825,Ebony,Ashe,21-11-1992,Single,F,8,Kansas_City
267094,Cassie,Sutton,24-11-1992,Married,M,9,California
273524,Alison,Shen,25-11-1992,Married,F,1,New_york
274367,Kaitlin,Patel,26-11-1992,Single,M,7,Detroit
271894,Kelvin,Liang,27-11-1992,Single,M,1,New_york
274236,Alvin,Xie,28-11-1992,Married,F,2,Dallas
267479,Cassandra,Subram,29-11-1992,Married,F,9,California
272042,Whitney,Perez,1/12/1992,Married,M,2,Dallas
272141,Cameron,Thompson,2/12/1992,Married,F,10,Milwaukee
274605,Birgit,Seidel,3/12/1992,Married,M,1,New_york
269145,Byron,Navarro,4/12/1992,Single,M,1,New_york
269719,Andres,Lal,4/12/1992,Single,F,8,Kansas_City
275051,Albert,Alvarez,4/12/1992,Single,M,5,Anaheim
267812,Grant,Deng,4/12/1992,Married,F,1,New_york
271176,Nathaniel,Morgan,5/12/1992,Single,F,6,Chicago
270653,Claudia,Chen,5/12/1992,Married,M,3,New_Jersey
270695,Francisco,Prasad,5/12/1992,Single,F,6,Chicago
268729,Rosa,Zheng,5/12/1992,Single,M,5,Anaheim
268592,Jaime,Sutton,6/12/1992,Married,F,7,Detroit
271366,Haley,Ward,6/12/1992,Single,M,7,Detroit
269837,Ruben,Romero,8/12/1992,Single,F,10,Milwaukee
274861,Kelli,Becker,8/12/1992,Married,M,10,Milwaukee
271385,Jenny,Hu,8/12/1992,Married,M,1,New_york
274618,Erick,Suri,9/12/1992,Married,F,7,Detroit
269277,Danny,Gomez,9/12/1992,Married,F,2,Dallas
268929,Evan,King,12/12/1992,Married,F,6,Chicago
268097,Dennis,Ye,15-12-1992,Married,F,7,Detroit
269621,Renee,Romero,16-12-1992,Single,F,10,Milwaukee
271772,Colin,Lal,17-12-1992,Married,M,2,Dallas
272125,Julia,Bailey,19-12-1992,Single,F,7,Detroit
274474,Mason,Mitchell,19-12-1992,Single,M,2,Dallas
267666,Fernando,Wilson,24-12-1992,Single,M,6,Chicago
270476,Leonard,Goel,25-12-1992,Married,F,3,New_Jersey
269626,Chelsea,Subram,27-12-1992,Married,F,5,Anaheim
274308,Xavier,Collins,29-12-1992,Married,F,5,Anaheim
